166.139.0.0/19,US,US-PA,Plymouth Meeting, 
166.139.128.0/20,US,US-PA,Plymouth Meeting,
166.139.144.0/20,US,US-IL,Hickory Hills,
166.139.160.0/20,US,US-TX,Euless,
166.139.176.0/20,US,US-CA,Sunnyvale,
166.139.192.0/20,US,US-PA,Plymouth Meeting,
166.139.208.0/20,US,US-IL,Hickory Hills,
166.139.224.0/20,US,US-TX,Euless,
166.139.240.0/20,US,US-CA,Sunnyvale,
166.139.32.0/19,US,US-IL,Hickory Hills,
166.139.64.0/19,US,US-TX,Euless,
166.139.96.0/19,US,US-CA,Sunnyvale,
166.140.0.0/17,US,US-CA,Sunnyvale,
166.140.128.0/17,US,US-CA,Sunnyvale,
166.141.0.0/17,US,US-TX,Euless,
166.141.128.0/18,US,US-PA,Plymouth Meeting,
166.141.192.0/18,US,US-TX,Euless,
166.142.0.0/17,US,US-IL,Hickory Hills,
166.142.128.0/17,US,US-TX,Euless,
166.143.0.0/16,US,US-PA,Plymouth Meeting,
166.144.0.0/16,US,US-CA,Sunnyvale,
166.145.0.0/16,US,US-PA,Plymouth Meeting,
166.146.0.0/17,US,US-TX,Euless,
166.146.128.0/17,US,US-TX,Euless,
166.147.128.0/18,US,US-CA,Sunnyvale,
166.147.192.0/18,US,US-CA,Sunnyvale,
166.148.0.0/18,US,US-PA,Plymouth Meeting,
166.148.128.0/18,US,US-TX,Euless,
166.148.192.0/18,US,US-PA,Plymouth Meeting,
166.148.64.0/18,US,US-CA,Sunnyvale,
166.149.0.0/18,US,US-IL,Hickory Hills,
166.149.128.0/18,US,US-PA,Plymouth Meeting,
166.149.192.0/18,US,US-TX,Euless,
166.149.64.0/18,US,US-CA,Sunnyvale,
166.150.0.0/19,US,US-PA,Plymouth Meeting,
166.150.128.0/19,US,US-PA,Plymouth Meeting,
166.150.160.0/19,US,US-PA,Plymouth Meeting,
166.150.192.0/19,US,US-IL,Hickory Hills,
166.150.224.0/19,US,US-IL,Hickory Hills,
166.150.32.0/19,US,US-PA,Plymouth Meeting,
166.150.64.0/19,US,US-TX,Euless,
166.150.96.0/19,US,US-TX,Euless,
166.151.0.0/17,US,US-PA,Plymouth Meeting,
166.151.128.0/17,US,US-PA,Plymouth Meeting,
166.152.0.0/16,US,US-IL,Hickory Hills,
166.153.0.0/16,US,US-TX,Euless,
166.154.0.0/16,US,US-CA,Sunnyvale,
166.155.0.0/16,US,US-TX,Euless,
166.156.0.0/17,US,US-IL,Hickory Hills,
166.156.128.0/17,US,US-IL,Hickory Hills,
166.157.0.0/17,US,US-PA,Plymouth Meeting,
166.157.128.0/17,US,US-IL,Hickory Hills,
166.158.0.0/18,US,US-PA,Plymouth Meeting,
166.158.112.0/20,US,US-IL,Hickory Hills,
166.158.128.0/18,US,US-TX,Euless,
166.158.192.0/18,US,US-CA,Sunnyvale,
166.158.64.0/20,US,US-IL,Hickory Hills,
166.158.80.0/20,US,US-IL,Hickory Hills,
166.158.96.0/20,US,US-IL,Hickory Hills,
166.159.0.0/18,US,US-TX,Euless,
166.159.128.0/18,US,US-IL,Hickory Hills,
166.159.192.0/18,US,US-IL,Hickory Hills,
166.159.64.0/18,US,US-PA,Plymouth Meeting,
166.160.0.0/18,US,US-TX,Euless,
166.160.128.0/18,US,US-IL,Hickory Hills,
166.160.192.0/18,US,US-TX,Euless,
166.160.64.0/18,US,US-PA,Plymouth Meeting,
166.161.0.0/18,US,US-TX,Euless,
166.161.128.0/18,US,US-CA,Sunnyvale,
166.161.192.0/18,US,US-PA,Plymouth Meeting,
166.161.64.0/18,US,US-PA,Plymouth Meeting,
166.162.0.0/18,US,US-TX,Euless,
166.162.128.0/18,US,US-CA,Sunnyvale,
166.162.192.0/18,US,US-PA,Plymouth Meeting,
166.162.64.0/18,US,US-PA,Plymouth Meeting,
166.163.0.0/18,US,US-TX,Euless,
166.163.128.0/18,US,US-IL,Hickory Hills,
166.163.192.0/18,US,US-IL,Hickory Hills,
166.163.64.0/19,US,US-PA,Plymouth Meeting,
166.163.96.0/19,US,US-PA,Plymouth Meeting,
166.164.0.0/16,US,US-CA,Sunnyvale,
166.165.0.0/16,US,US-IL,Hickory Hills,
166.166.0.0/16,US,US-TX,Euless,
166.167.0.0/17,US,US-CA,Sunnyvale,
166.167.128.0/17,US,US-CA,Sunnyvale,
166.168.0.0/16,US,US-TX,Euless,
166.169.0.0/16,US,US-TX,Euless,
166.180.0.0/17,US,US-IL,Hickory Hills,
166.180.128.0/17,US,US-IL,Hickory Hills,
166.211.0.0/17,US,US-CA,Sunnyvale,
166.211.128.0/17,US,US-CA,Sunnyvale,
166.239.0.0/18,US,US-PA,Plymouth Meeting,
166.239.128.0/18,US,US-PA,Plymouth Meeting,
166.239.192.0/18,US,US-TX,Euless,
166.239.64.0/18,US,US-TX,Euless,
166.240.0.0/18,US,US-TX,Euless,
166.240.128.0/18,US,US-CA,Sunnyvale,
166.240.192.0/18,US,US-PA,Plymouth Meeting,
166.240.64.0/18,US,US-IL,Hickory Hills,
166.241.0.0/18,US,US-TX,Euless,
166.241.128.0/18,US,US-CA,Sunnyvale,
166.241.192.0/18,US,US-PA,Plymouth Meeting,
166.241.64.0/18,US,US-IL,Hickory Hills,
166.242.0.0/16,US,US-CA,Sunnyvale,
166.243.0.0/16,US,US-TX,Euless,
166.244.0.0/16,US,US-IL,Hickory Hills,
166.245.0.0/16,US,US-PA,Plymouth Meeting,
166.246.0.0/16,US,US-IL,Hickory Hills,
166.247.0.0/16,US,US-TX,Euless,
166.248.0.0/16,US,US-CA,Sunnyvale,
166.249.0.0/16,US,US-PA,Plymouth Meeting,
166.250.0.0/16,US,US-IL,Hickory Hills,
166.251.0.0/16,US,US-TX,Euless,
166.252.0.0/17,US,US-PA,Plymouth Meeting,
166.252.128.0/17,US,US-PA,Plymouth Meeting,
166.253.0.0/17,US,US-CA,Sunnyvale,
166.253.128.0/17,US,US-CA,Sunnyvale,
166.254.0.0/17,US,US-IL,Hickory Hills,
166.254.128.0/17,US,US-IL,Hickory Hills,
166.255.0.0/17,US,US-CA,Sunnyvale,
166.255.128.0/17,US,US-CA,Sunnyvale,
174.192.0.0/18,US,US-CT,Windsor,
174.192.128.0/18,US,US-WI,New Berlin,
174.192.192.0/18,US,US-MD,Annapolis Junction,
174.192.64.0/18,US,US-WI,New Berlin,
174.193.0.0/20,US,US-NJ,Wall Township,
174.193.112.0/20,US,US-OH,Cincinnati,
174.193.128.0/18,US,US-CA,Azusa,
174.193.16.0/20,US,US-NJ,Wall Township,
174.193.192.0/18,US,US-CA,Azusa,
174.193.32.0/20,US,US-CA,Rocklin,
174.193.48.0/20,US,US-CA,Rocklin,
174.193.64.0/20,US,US-VA,Richmond,
174.193.80.0/20,US,US-VA,Richmond,
174.193.96.0/20,US,US-OH,Cincinnati,
174.194.0.0/19,US,US-IN,Indianapolis,
174.194.128.0/18,US,US-CA,Sunnyvale,
174.194.192.0/18,US,US-CA,Sunnyvale,
174.194.48.0/20,US,US-TX,Euless,
174.194.64.0/19,US,US-WI,New Berlin,
174.194.96.0/19,US,US-WI,New Berlin,
174.195.0.0/19,US,US-GA,Alpharetta,
174.195.112.0/20,US,US-NV,North Las Vegas,
174.195.128.0/18,US,US-CA,Vista,
174.195.192.0/18,US,US-CA,Vista,
174.195.32.0/19,US,US-GA,Alpharetta,
174.195.64.0/20,US,US-CA,Sunnyvale,
174.195.80.0/20,US,US-CA,Sunnyvale,
174.195.96.0/20,US,US-NV,North Las Vegas,
174.196.104.0/21,US,US-OH,Columbus,
174.196.112.0/21,US,US-OH,Cincinnati,
174.196.120.0/21,US,US-OH,Cincinnati,
174.196.128.0/18,US,US-VA,Chantilly,
174.196.192.0/18,US,US-MA,Westborough,
174.196.32.0/21,US,US-KS,Lenexa,
174.196.40.0/21,US,US-KS,Lenexa,
174.196.48.0/21,US,US-MO,St. Louis,
174.196.56.0/21,US,US-MO,St. Louis,
174.196.64.0/21,US,US-PA,Johnstown,
174.196.72.0/21,US,US-PA,Johnstown,
174.196.80.0/21,US,US-PA,Bridgeville,
174.196.88.0/21,US,US-PA,Bridgeville,
174.196.96.0/21,US,US-OH,Columbus,
174.197.0.0/18,US,US-TX,Schertz,
174.197.128.0/18,US,US-NY,Farmingdale,
174.197.192.0/18,US,US-NY,East Syracuse,
174.197.64.0/18,US,US-TX,Euless,
174.198.0.0/18,US,US-PA,Plymouth Meeting,
174.198.128.0/18,US,US-CO,Aurora,
174.198.192.0/18,US,US-DE,New Castle,
174.198.64.0/18,US,US-NE,Omaha,
174.199.0.0/19,US,US-MN,Bloomington,
174.199.128.0/19,US,US-AL,Birmingham,
174.199.160.0/19,US,US-AL,Birmingham,
174.199.192.0/19,US,US-AL,Birmingham,
174.199.224.0/19,US,US-AL,Birmingham,
174.199.32.0/19,US,US-MN,Bloomington,
174.199.64.0/19,US,US-MN,Bloomington,
174.199.96.0/19,US,US-MN,Bloomington,
174.200.0.0/20,US,US-MN,Bloomington,
174.200.112.0/20,US,US-OH,Cincinnati,
174.200.128.0/20,US,US-IL,Hickory Hills,
174.200.144.0/20,US,US-IL,Hickory Hills,
174.200.16.0/20,US,US-MN,Bloomington,
174.200.160.0/20,US,US-WI,New Berlin,
174.200.176.0/20,US,US-WI,New Berlin,
174.200.192.0/20,US,US-NV,North Las Vegas,
174.200.248.0/23,US,US-UT,West Jordan,
174.200.250.0/23,US,US-CO,Aurora,
174.200.252.0/23,US,US-CA,Azusa,
174.200.48.0/20,US,US-TX,Houston,
174.200.64.0/20,US,US-OH,Columbus,
174.200.80.0/20,US,US-OH,Columbus,
174.200.96.0/20,US,US-OH,Cincinnati,
174.201.0.0/20,US,US-CO,Aurora,
174.201.112.0/20,US,US-NE,Omaha,
174.201.144.0/20,US,US-AL,Birmingham,
174.201.16.0/20,US,US-CO,Aurora,
174.201.160.0/20,US,US-GA,Alpharetta,
174.201.176.0/20,US,US-GA,Alpharetta,
174.201.192.0/20,US,US-AL,Birmingham,
174.201.208.0/20,US,US-NV,North Las Vegas,
174.201.224.0/20,US,US-AZ,Tempe,
174.201.240.0/20,US,US-AZ,Tempe,
174.201.32.0/20,US,US-UT,West Jordan,
174.201.48.0/20,US,US-UT,West Jordan,
174.201.64.0/20,US,US-PA,Johnstown,
174.201.80.0/20,US,US-PA,Johnstown,
174.201.96.0/20,US,US-NE,Omaha,
174.202.0.0/19,US,US-HI,Mililani,
174.202.160.0/19,US,US-OK,Tulsa,
174.202.192.0/19,US,US-TN,Arlington,
174.202.224.0/19,US,US-TX,Houston,
174.202.32.0/19,US,US-IN,Indianapolis,
174.202.64.0/19,US,US-IN,Indianapolis,
174.202.96.0/19,US,US-IN,Indianapolis,
174.203.0.0/19,US,US-TX,Houston,
174.203.128.0/19,US,US-PA,Johnstown,
174.203.192.0/20,US,US-NC,Charlotte,
174.203.208.0/20,US,US-NC,Charlotte,
174.203.224.0/20,US,US-NC,Charlotte,
174.203.240.0/20,US,US-NC,Charlotte,
174.203.32.0/19,US,US-LA,Baton Rouge,
174.203.64.0/19,US,US-LA,Baton Rouge,
174.203.96.0/19,US,US-PA,Bridgeville,
174.204.0.0/18,US,US-UT,West Jordan,
174.204.128.0/18,US,US-NY,Yonkers,
174.204.192.0/18,US,US-OR,Hillsboro,
174.204.64.0/18,US,US-WA,Redmond,
174.205.0.0/19,US,US-NV,North Las Vegas,
174.205.128.0/19,US,US-AZ,Tempe,
174.205.160.0/19,US,US-AZ,Tempe,
174.205.192.0/19,US,US-AZ,Tempe,
174.205.224.0/19,US,US-AZ,Tempe,
174.205.32.0/19,US,US-NV,North Las Vegas,
174.205.64.0/19,US,US-NV,North Las Vegas,
174.205.96.0/19,US,US-NV,North Las Vegas,
174.206.0.0/19,US,US-VA,Roanoke,
174.206.128.0/19,US,US-NJ,Wall Township,
174.206.160.0/19,US,US-NJ,Wall Township,
174.206.192.0/19,US,US-NJ,Branchburg,
174.206.224.0/19,US,US-NJ,Branchburg,
174.206.32.0/19,US,US-VA,Roanoke,
174.206.64.0/19,US,US-VA,Richmond,
174.206.96.0/19,US,US-VA,Richmond,
174.207.0.0/19,US,US-OH,Columbus,
174.207.128.0/19,US,US-OH,Cincinnati,
174.207.160.0/19,US,US-OH,Cincinnati,
174.207.192.0/19,US,US-OH,Cincinnati,
174.207.224.0/19,US,US-OH,Cincinnati,
174.207.32.0/19,US,US-OH,Columbus,
174.207.64.0/19,US,US-OH,Columbus,
174.207.96.0/19,US,US-OH,Columbus,
174.208.0.0/19,US,US-NY,Rochester,
174.208.128.0/19,US,US-CA,Rocklin,
174.208.160.0/19,US,US-CA,Rocklin,
174.208.192.0/19,US,US-IL,Hickory Hills,
174.208.224.0/19,US,US-IL,Hickory Hills,
174.208.32.0/19,US,US-NY,Rochester,
174.208.64.0/19,US,US-CA,Rocklin,
174.208.96.0/19,US,US-CA,Rocklin,
174.209.0.0/19,US,US-IL,Hickory Hills,
174.209.128.0/19,US,US-GA,Alpharetta,
174.209.192.0/19,US,US-GA,Alpharetta,
174.209.224.0/19,US,US-MO,St. Louis,
174.209.32.0/19,US,US-IL,Hickory Hills,
174.209.64.0/19,US,US-GA,Alpharetta,
174.209.96.0/19,US,US-GA,Alpharetta,
174.210.0.0/19,US,US-MO,St. Louis,
174.210.128.0/19,US,US-KS,Lenexa,
174.210.160.0/19,US,US-KS,Lenexa,
174.210.192.0/19,US,US-MI,Westland,
174.210.224.0/19,US,US-MI,Westland,
174.210.32.0/19,US,US-NC,Charlotte,
174.210.64.0/19,US,US-NC,Charlotte,
174.211.0.0/19,US,US-MI,Southfield,
174.211.128.0/19,US,US-FL,Pembroke Pines,
174.211.160.0/19,US,US-FL,Pembroke Pines,
174.211.192.0/19,US,US-FL,Orlando,
174.211.224.0/19,US,US-FL,Orlando,
174.211.32.0/19,US,US-MI,Southfield,
174.211.64.0/19,US,US-FL,Pembroke Pines,
174.211.96.0/19,US,US-FL,Pembroke Pines,
174.212.0.0/19,US,US-FL,Orlando,
174.212.128.0/19,US,US-TN,Whites Creek,
174.212.160.0/19,US,US-TN,Whites Creek,
174.212.208.0/20,US,US-CO,Aurora,
174.212.224.0/20,US,US-CO,Aurora,
174.212.32.0/19,US,US-FL,Orlando,
174.212.64.0/19,US,US-TN,Whites Creek,
174.212.96.0/19,US,US-TN,Whites Creek,
174.213.144.0/20,US,US-NE,Omaha,
174.213.160.0/20,US,US-NE,Omaha,
174.213.192.0/20,US,US-KS,Lenexa,
174.213.208.0/20,US,US-KS,Lenexa,
174.213.224.0/20,US,US-MN,Bloomington,
174.213.240.0/20,US,US-MN,Bloomington,
174.214.0.0/20,US,US-WA,Redmond,
174.214.16.0/20,US,US-WA,Redmond,
174.214.32.0/20,US,US-IN,Indianapolis,
174.214.48.0/20,US,US-IN,Indianapolis,
174.214.64.0/20,US,US-PA,Plymouth Meeting,
174.215.0.0/20,US,US-CO,Aurora,
174.215.112.0/20,US,US-WA,Redmond,
174.215.128.0/20,US,US-AL,Birmingham,
174.215.144.0/20,US,US-AL,Birmingham,
174.215.16.0/20,US,US-CO,Aurora,
174.215.160.0/20,US,US-AL,Birmingham,
174.215.176.0/20,US,US-AL,Birmingham,
174.215.192.0/20,US,US-NY,East Syracuse,
174.215.208.0/20,US,US-NY,East Syracuse,
174.215.224.0/20,US,US-NE,Omaha,
174.215.240.0/20,US,US-NE,Omaha,
174.215.64.0/19,US,US-NC,Charlotte,
174.215.96.0/20,US,US-WA,Redmond,
174.216.0.0/19,US,US-NC,Charlotte,
174.216.124.0/22,US,US-TN,Whites Creek,
174.216.128.0/20,US,US-MD,Annapolis Junction,
174.216.144.0/20,US,US-MD,Annapolis Junction,
174.216.160.0/20,US,US-VA,Chantilly,
174.216.176.0/20,US,US-VA,Chantilly,
174.216.192.0/20,US,US-NY,Farmingdale,
174.216.208.0/20,US,US-NY,Farmingdale,
174.216.224.0/20,US,US-NY,Yonkers,
174.216.240.0/20,US,US-NY,Yonkers,
174.216.32.0/20,US,US-DE,New Castle,
174.216.48.0/20,US,US-DE,New Castle,
174.216.68.0/22,US,US-MN,Bloomington,
174.216.76.0/22,US,US-TX,Euless,
174.216.88.0/21,US,US-IL,Hickory Hills,
174.218.0.0/20,US,US-AZ,Tempe,
174.218.104.0/21,US,US-CA,Azusa,
174.218.112.0/21,US,US-CA,Vista,
174.218.120.0/21,US,US-CA,Vista,
174.218.128.0/21,US,US-IN,Indianapolis,
174.218.136.0/21,US,US-IN,Indianapolis,
174.218.144.0/23,US,US-KS,Lenexa,
174.218.146.0/23,US,US-MO,St. Louis,
174.218.148.0/23,US,US-UT,West Jordan,
174.218.150.0/23,US,US-LA,Baton Rouge,
174.218.152.0/23,US,US-NY,Farmingdale,
174.218.154.0/23,US,US-NY,Yonkers,
174.218.16.0/20,US,US-AZ,Tempe,
174.218.160.0/21,US,US-CO,Aurora,
174.218.168.0/21,US,US-CO,Aurora,
174.218.176.0/21,US,US-UT,West Jordan,
174.218.184.0/21,US,US-UT,West Jordan,
174.218.192.0/21,US,US-LA,Baton Rouge,
174.218.200.0/21,US,US-LA,Baton Rouge,
174.218.208.0/21,US,US-TX,Houston,
174.218.216.0/21,US,US-TX,Houston,
174.218.224.0/20,US,US-FL,Pembroke Pines,
174.218.240.0/20,US,US-FL,Pembroke Pines,
174.218.32.0/20,US,US-AL,Birmingham,
174.218.48.0/20,US,US-AL,Birmingham,
174.218.64.0/20,US,US-CA,Azusa,
174.218.80.0/20,US,US-CA,Azusa,
174.218.96.0/21,US,US-CA,Azusa,
174.219.0.0/21,US,US-NC,Charlotte,
174.219.104.0/21,US,US-VA,Roanoke,
174.219.112.0/21,US,US-VA,Roanoke,
174.219.120.0/21,US,US-TN,Whites Creek,
174.219.128.0/21,US,US-TN,Whites Creek,
174.219.136.0/23,US,US-TN,Whites Creek,
174.219.138.0/23,US,US-IN,Indianapolis,
174.219.140.0/23,US,US-IN,Indianapolis,
174.219.142.0/23,US,US-MD,Annapolis Junction,
174.219.144.0/20,US,US-TN,Whites Creek,
174.219.16.0/23,US,US-NC,Charlotte,
174.219.160.0/20,US,US-TN,Whites Creek,
174.219.176.0/20,US,US-CA,Rocklin,
174.219.18.0/23,US,US-PA,Johnstown,
174.219.192.0/20,US,US-CA,Rocklin,
174.219.20.0/23,US,US-PA,Bridgeville,
174.219.208.0/21,US,US-IN,Indianapolis,
174.219.216.0/21,US,US-IN,Indianapolis,
174.219.22.0/23,US,US-OH,Columbus,
174.219.224.0/21,US,US-MD,Annapolis Junction,
174.219.232.0/21,US,US-MD,Annapolis Junction,
174.219.24.0/23,US,US-OH,Cincinnati,
174.219.240.0/21,US,US-VA,Chantilly,
174.219.248.0/21,US,US-VA,Chantilly,
174.219.30.0/23,US,US-NJ,Branchburg,
174.219.32.0/23,US,US-NJ,Wall Township,
174.219.34.0/23,US,US-CA,Rocklin,
174.219.36.0/23,US,US-CA,Sunnyvale,
174.219.40.0/23,US,US-MN,Bloomington,
174.219.42.0/23,US,US-NE,Omaha,
174.219.44.0/23,US,US-CA,Azusa,
174.219.46.0/23,US,US-CA,Vista,
174.219.48.0/21,US,US-PA,Plymouth Meeting,
174.219.56.0/21,US,US-PA,Plymouth Meeting,
174.219.64.0/23,US,US-PA,Plymouth Meeting,
174.219.66.0/23,US,US-DE,New Castle,
174.219.68.0/23,US,US-VA,Richmond,
174.219.70.0/23,US,US-VA,Roanoke,
174.219.72.0/21,US,US-VA,Richmond,
174.219.8.0/21,US,US-NC,Charlotte,
174.219.80.0/21,US,US-DE,New Castle,
174.219.88.0/21,US,US-DE,New Castle,
174.219.96.0/21,US,US-VA,Richmond,
174.220.0.0/20,US,US-FL,Pembroke Pines,
174.220.112.0/20,US,US-NC,Charlotte,
174.220.128.0/20,US,US-CO,Aurora,
174.220.144.0/20,US,US-CO,Aurora,
174.220.16.0/20,US,US-FL,Pembroke Pines,
174.220.160.0/20,US,US-UT,West Jordan,
174.220.176.0/20,US,US-UT,West Jordan,
174.220.192.0/20,US,US-GA,Alpharetta,
174.220.208.0/20,US,US-GA,Alpharetta,
174.220.224.0/20,US,US-AL,Birmingham,
174.220.240.0/20,US,US-AL,Birmingham,
174.220.32.0/20,US,US-PA,Plymouth Meeting,
174.220.48.0/20,US,US-PA,Plymouth Meeting,
174.220.64.0/20,US,US-DE,New Castle,
174.220.80.0/20,US,US-DE,New Castle,
174.220.96.0/20,US,US-NC,Charlotte,
174.221.0.0/20,US,US-AZ,Tempe,
174.221.16.0/20,US,US-AZ,Tempe,
174.224.0.0/21,US,US-TX,Euless,
174.224.112.0/20,US,US-TX,Houston,
174.224.128.0/21,US,US-OK,Tulsa,
174.224.136.0/21,US,US-OK,Tulsa,
174.224.144.0/21,US,US-TN,Arlington,
174.224.152.0/21,US,US-TN,Arlington,
174.224.16.0/21,US,US-TX,Schertz,
174.224.160.0/21,US,US-MA,Westborough,
174.224.168.0/21,US,US-MA,Westborough,
174.224.176.0/21,US,US-CT,Windsor,
174.224.184.0/21,US,US-CT,Windsor,
174.224.192.0/21,US,US-WA,Redmond,
174.224.200.0/21,US,US-WA,Redmond,
174.224.208.0/21,US,US-IL,Hickory Hills,
174.224.216.0/21,US,US-IL,Hickory Hills,
174.224.224.0/23,US,US-IL,Hickory Hills,
174.224.226.0/23,US,US-WI,New Berlin,
174.224.230.0/23,US,US-CA,Vista,
174.224.24.0/21,US,US-TX,Schertz,
174.224.240.0/21,US,US-WI,New Berlin,
174.224.248.0/21,US,US-WI,New Berlin,
174.224.32.0/23,US,US-TX,Schertz,
174.224.34.0/23,US,US-MI,Southfield,
174.224.36.0/23,US,US-MI,Westland,
174.224.40.0/21,US,US-MI,Westland,
174.224.48.0/21,US,US-MI,Southfield,
174.224.56.0/21,US,US-MI,Southfield,
174.224.64.0/21,US,US-MI,Westland,
174.224.74.0/23,US,US-OR,Hillsboro,
174.224.76.0/23,US,US-OK,Tulsa,
174.224.78.0/23,US,US-TN,Arlington,
174.224.8.0/21,US,US-TX,Euless,
174.224.80.0/21,US,US-OR,Hillsboro,
174.224.88.0/21,US,US-OR,Hillsboro,
174.224.96.0/20,US,US-TX,Houston,
174.225.0.0/20,US,US-FL,Orlando,
174.225.112.0/20,US,US-FL,Pembroke Pines,
174.225.144.0/21,US,US-HI,Mililani,
174.225.152.0/21,US,US-HI,Mililani,
174.225.16.0/20,US,US-FL,Orlando,
174.225.160.0/20,US,US-IN,Indianapolis,
174.225.176.0/20,US,US-IN,Indianapolis,
174.225.192.0/20,US,US-NC,Charlotte,
174.225.208.0/20,US,US-NC,Charlotte,
174.225.224.0/20,US,US-TN,Whites Creek,
174.225.240.0/20,US,US-TN,Whites Creek,
174.225.32.0/20,US,US-VA,Roanoke,
174.225.48.0/20,US,US-VA,Roanoke,
174.225.64.0/20,US,US-FL,Orlando,
174.225.80.0/20,US,US-FL,Orlando,
174.225.96.0/20,US,US-FL,Pembroke Pines,
174.226.0.0/20,US,US-TX,Houston,
174.226.112.0/20,US,US-TX,Euless,
174.226.128.0/20,US,US-TX,Euless,
174.226.16.0/20,US,US-LA,Baton Rouge,
174.226.160.0/20,US,US-TX,Schertz,
174.226.176.0/20,US,US-TX,Schertz,
174.226.192.0/20,US,US-IN,Indianapolis,
174.226.208.0/20,US,US-IN,Indianapolis,
174.226.224.0/20,US,US-IN,Indianapolis,
174.226.240.0/20,US,US-IN,Indianapolis,
174.226.32.0/20,US,US-LA,Baton Rouge,
174.226.48.0/20,US,US-CT,Windsor,
174.226.64.0/20,US,US-CT,Windsor,
174.226.80.0/20,US,US-MA,Westborough,
174.226.96.0/20,US,US-MA,Westborough,
174.227.0.0/20,US,US-OR,Hillsboro,
174.227.112.0/20,US,US-CA,Vista,
174.227.128.0/20,US,US-CA,Rocklin,
174.227.144.0/20,US,US-CA,Rocklin,
174.227.16.0/20,US,US-OR,Hillsboro,
174.227.160.0/20,US,US-CA,Sunnyvale,
174.227.176.0/20,US,US-CA,Sunnyvale,
174.227.224.0/20,US,US-FL,Orlando,
174.227.240.0/20,US,US-FL,Orlando,
174.227.32.0/20,US,US-WA,Redmond,
174.227.48.0/20,US,US-WA,Redmond,
174.227.64.0/20,US,US-CA,Azusa,
174.227.80.0/20,US,US-CA,Azusa,
174.227.96.0/20,US,US-CA,Vista,
174.228.0.0/19,US,US-NE,Omaha,
174.228.128.0/19,US,US-FL,Orlando,
174.228.160.0/19,US,US-FL,Orlando,
174.228.192.0/19,US,US-DE,New Castle,
174.228.224.0/19,US,US-DE,New Castle,
174.228.32.0/19,US,US-NE,Omaha,
174.228.64.0/19,US,US-IL,Hickory Hills,
174.228.96.0/19,US,US-IL,Hickory Hills,
174.229.0.0/20,US,US-AL,Birmingham,
174.229.112.0/20,US,US-WI,New Berlin,
174.229.16.0/20,US,US-AL,Birmingham,
174.229.160.0/20,US,US-MN,Bloomington,
174.229.176.0/20,US,US-MN,Bloomington,
174.229.192.0/20,US,US-NJ,Branchburg,
174.229.208.0/20,US,US-NJ,Branchburg,
174.229.224.0/20,US,US-NJ,Branchburg,
174.229.240.0/20,US,US-NJ,Branchburg,
174.229.32.0/20,US,US-NY,Farmingdale,
174.229.48.0/20,US,US-NY,Farmingdale,
174.229.64.0/20,US,US-NY,Yonkers,
174.229.80.0/20,US,US-NY,Yonkers,
174.229.96.0/20,US,US-WI,New Berlin,
174.230.112.0/20,US,US-NY,Farmingdale,
174.230.128.0/20,US,US-TN,Arlington,
174.230.144.0/20,US,US-TN,Arlington,
174.230.176.0/20,US,US-NJ,Branchburg,
174.230.192.0/18,US,US-UT,West Jordan,
174.230.96.0/20,US,US-NY,Farmingdale,
174.231.0.0/20,US,US-AZ,Tempe,
174.231.112.0/21,US,US-CA,Rocklin,
174.231.128.0/18,US,US-WA,Redmond,
174.231.16.0/20,US,US-AZ,Tempe,
174.231.192.0/20,US,US-OH,Columbus,
174.231.208.0/20,US,US-OH,Columbus,
174.231.240.0/23,US,US-PA,Bridgeville,
174.231.242.0/23,US,US-PA,Johnstown,
174.231.248.0/23,US,US-VA,Chantilly,
174.231.250.0/23,US,US-TX,Euless,
174.231.252.0/23,US,US-MA,Westborough,
174.231.254.0/23,US,US-CT,Windsor,
174.231.32.0/20,US,US-NY,East Syracuse,
174.231.48.0/20,US,US-NY,East Syracuse,
174.231.64.0/20,US,US-CO,Aurora,
174.231.80.0/20,US,US-CO,Aurora,
174.231.96.0/20,US,US-NJ,Branchburg,
174.233.0.0/20,US,US-MA,Westborough,
174.233.16.0/20,US,US-MA,Westborough,
174.233.160.0/20,US,US-IL,Hickory Hills,
174.233.176.0/20,US,US-IL,Hickory Hills,
174.233.224.0/20,US,US-CA,Vista,
174.233.240.0/20,US,US-CA,Vista,
174.233.64.0/20,US,US-CA,Azusa,
174.233.80.0/20,US,US-CA,Azusa,
174.234.0.0/18,US,US-CO,Aurora,
174.234.112.0/20,US,US-NY,East Syracuse,
174.234.128.0/20,US,US-MN,Bloomington,
174.234.144.0/20,US,US-MN,Bloomington,
174.234.160.0/20,US,US-NE,Omaha,
174.234.176.0/20,US,US-NE,Omaha,
174.234.192.0/20,US,US-AZ,Tempe,
174.234.208.0/20,US,US-AZ,Tempe,
174.234.224.0/20,US,US-NY,Rochester,
174.234.240.0/20,US,US-NY,Rochester,
174.234.64.0/20,US,US-NV,North Las Vegas,
174.234.80.0/20,US,US-NV,North Las Vegas,
174.234.96.0/20,US,US-NY,East Syracuse,
174.235.112.0/21,US,US-CA,Rocklin,
174.235.122.0/23,US,US-GA,Alpharetta,
174.235.126.0/23,US,US-CA,Rocklin,
174.235.128.0/20,US,US-IN,Indianapolis,
174.235.144.0/23,US,US-WA,Redmond,
174.235.146.0/23,US,US-HI,Mililani,
174.235.150.0/23,US,US-CO,Aurora,
174.235.192.0/20,US,US-NE,Omaha,
174.235.208.0/20,US,US-NE,Omaha,
174.235.224.0/20,US,US-MI,Westland,
174.235.240.0/20,US,US-MI,Westland,
174.235.32.0/20,US,US-NC,Charlotte,
174.235.48.0/20,US,US-NC,Charlotte,
174.235.64.0/20,US,US-TN,Whites Creek,
174.235.80.0/20,US,US-TN,Whites Creek,
174.236.0.0/19,US,US-MI,Southfield,
174.236.128.0/22,US,US-FL,Orlando,
174.236.132.0/22,US,US-CA,Rocklin,
174.236.136.0/22,US,US-DE,New Castle,
174.236.140.0/22,US,US-IN,Indianapolis,
174.236.144.0/22,US,US-WI,New Berlin,
174.236.148.0/22,US,US-GA,Alpharetta,
174.236.152.0/23,US,US-NY,East Syracuse,
174.236.154.0/23,US,US-NY,Rochester,
174.236.156.0/23,US,US-AZ,Tempe,
174.236.158.0/23,US,US-NV,North Las Vegas,
174.236.192.0/19,US,US-CA,Rocklin,
174.236.224.0/19,US,US-CA,Rocklin,
174.236.32.0/19,US,US-MI,Southfield,
174.236.64.0/19,US,US-CA,Vista,
174.236.96.0/19,US,US-CA,Vista,
174.237.0.0/20,US,US-WI,New Berlin,
174.237.16.0/20,US,US-WI,New Berlin,
174.238.0.0/21,US,US-CA,Sunnyvale,
174.238.128.0/19,US,US-TN,Whites Creek,
174.238.16.0/22,US,US-MI,Southfield,
174.238.160.0/19,US,US-TN,Whites Creek,
174.238.192.0/19,US,US-AZ,Tempe,
174.238.20.0/22,US,US-NC,Charlotte,
174.238.224.0/19,US,US-AZ,Tempe,
174.238.24.0/22,US,US-TN,Whites Creek,
174.238.28.0/22,US,US-AZ,Tempe,
174.238.32.0/20,US,US-IN,Indianapolis,
174.238.48.0/20,US,US-IN,Indianapolis,
174.238.64.0/19,US,US-NC,Charlotte,
174.238.8.0/21,US,US-CA,Sunnyvale,
174.238.96.0/19,US,US-NC,Charlotte,
174.239.112.0/20,US,US-IL,Hickory Hills,
174.239.128.0/20,US,US-MI,Southfield,
174.239.144.0/20,US,US-MI,Southfield,
174.239.16.0/21,US,US-CO,Aurora,
174.239.24.0/22,US,US-CA,Vista,
174.239.28.0/22,US,US-NE,Omaha,
174.239.32.0/20,US,US-TN,Whites Creek,
174.239.48.0/20,US,US-TN,Whites Creek,
174.239.64.0/20,US,US-FL,Orlando,
174.239.80.0/20,US,US-FL,Orlando,
174.239.96.0/20,US,US-IL,Hickory Hills,
174.240.0.0/20,US,US-AZ,Tempe,
174.240.112.0/20,US,US-MI,Westland,
174.240.128.0/20,US,US-MI,Southfield,
174.240.144.0/20,US,US-MI,Southfield,
174.240.16.0/20,US,US-AZ,Tempe,
174.240.160.0/20,US,US-NV,North Las Vegas,
174.240.176.0/20,US,US-NV,North Las Vegas,
174.240.192.0/20,US,US-PA,Plymouth Meeting,
174.240.208.0/20,US,US-PA,Plymouth Meeting,
174.240.224.0/20,US,US-IL,Hickory Hills,
174.240.240.0/20,US,US-IL,Hickory Hills,
174.240.40.0/21,US,US-TX,Houston,
174.240.48.0/20,US,US-FL,Orlando,
174.240.64.0/20,US,US-FL,Orlando,
174.240.96.0/20,US,US-MI,Westland,
174.241.128.0/21,US,US-UT,West Jordan,
174.241.136.0/22,US,US-IL,Hickory Hills,
174.241.142.0/23,US,US-TX,Houston,
174.241.152.0/23,US,US-WA,Redmond,
174.241.154.0/23,US,US-OR,Hillsboro,
174.241.156.0/22,US,US-MI,Southfield,
174.241.164.0/22,US,US-NC,Charlotte,
174.241.168.0/22,US,US-NC,Charlotte,
174.241.184.0/21,US,US-FL,Orlando,
174.241.240.0/21,US,US-FL,Pembroke Pines,
174.241.252.0/22,US,US-CA,Vista,
174.241.28.0/22,US,US-MI,Westland,
174.241.44.0/22,US,US-CA,Sunnyvale,
174.241.52.0/22,US,US-CA,Rocklin,
174.241.56.0/21,US,US-WA,Redmond,
174.241.80.0/21,US,US-WI,New Berlin,
174.241.92.0/22,US,US-GA,Alpharetta,
174.241.96.0/23,US,US-FL,Orlando,
174.241.98.0/23,US,US-FL,Pembroke Pines,
174.242.0.0/19,US,US-PA,Bridgeville,
174.242.128.0/18,US,US-CT,Windsor,
174.242.192.0/20,US,US-TX,Euless,
174.242.208.0/20,US,US-TX,Euless,
174.242.32.0/19,US,US-PA,Bridgeville,
174.242.64.0/18,US,US-MA,Westborough,
174.243.0.0/20,US,US-IN,Indianapolis,
174.243.128.0/20,US,US-CA,Azusa,
174.243.144.0/20,US,US-CA,Azusa,
174.243.16.0/20,US,US-NY,Yonkers,
174.243.160.0/20,US,US-CA,Vista,
174.243.176.0/20,US,US-CA,Vista,
174.243.192.0/20,US,US-CA,Vista,
174.243.208.0/20,US,US-CA,Vista,
174.243.224.0/20,US,US-CA,Vista,
174.243.240.0/20,US,US-CA,Vista,
174.243.32.0/20,US,US-MO,St. Louis,
174.243.48.0/20,US,US-MO,St. Louis,
174.244.0.0/20,US,US-TX,Euless,
174.244.128.0/20,US,US-NY,Farmingdale,
174.244.144.0/20,US,US-NY,Farmingdale,
174.244.16.0/20,US,US-TX,Euless,
174.244.64.0/20,US,US-TX,Schertz,
174.244.80.0/20,US,US-TX,Schertz,
174.245.0.0/20,US,US-MI,Southfield,
174.245.112.0/20,US,US-NC,Charlotte,
174.245.16.0/20,US,US-MI,Southfield,
174.245.64.0/20,US,US-NC,Charlotte,
174.245.80.0/20,US,US-NC,Charlotte,
174.245.96.0/20,US,US-NC,Charlotte,
174.246.0.0/20,US,US-WA,Redmond,
174.246.128.0/19,US,US-TX,Euless,
174.246.16.0/20,US,US-WA,Redmond,
174.246.160.0/19,US,US-TX,Schertz,
174.246.192.0/19,US,US-TX,Schertz,
174.246.224.0/19,US,US-NC,Charlotte,
174.246.96.0/19,US,US-TX,Euless,
174.247.0.0/19,US,US-NC,Charlotte,
174.247.128.0/20,US,US-UT,West Jordan,
174.247.144.0/20,US,US-UT,West Jordan,
174.247.160.0/20,US,US-OR,Hillsboro,
174.247.176.0/20,US,US-OR,Hillsboro,
174.247.192.0/20,US,US-MI,Southfield,
174.247.208.0/20,US,US-MI,Southfield,
174.247.224.0/20,US,US-OK,Tulsa,
174.247.240.0/20,US,US-OK,Tulsa,
174.247.32.0/20,US,US-NY,Yonkers,
174.247.64.0/20,US,US-PA,Plymouth Meeting,
174.247.80.0/20,US,US-PA,Plymouth Meeting,
174.248.100.0/22,US,US-WI,New Berlin,
174.248.108.0/22,US,US-OH,Columbus,
174.248.116.0/22,US,US-OH,Cincinnati,
174.248.140.0/22,US,US-TX,Houston,
174.248.148.0/22,US,US-LA,Baton Rouge,
174.248.172.0/22,US,US-CA,Sunnyvale,
174.248.180.0/22,US,US-CA,Rocklin,
174.248.188.0/22,US,US-NV,North Las Vegas,
174.248.196.0/22,US,US-AZ,Tempe,
174.248.204.0/22,US,US-CA,Azusa,
174.248.212.0/22,US,US-CA,Vista,
174.248.220.0/22,US,US-MN,Bloomington,
174.248.232.0/22,US,US-IN,Indianapolis,
174.248.36.0/22,US,US-NC,Charlotte,
174.248.44.0/22,US,US-TN,Whites Creek,
174.248.52.0/22,US,US-GA,Alpharetta,
174.248.60.0/22,US,US-AL,Birmingham,
174.248.68.0/22,US,US-FL,Pembroke Pines,
174.248.76.0/22,US,US-FL,Orlando,
174.248.92.0/22,US,US-IL,Hickory Hills,
174.249.128.0/20,US,US-CA,Sunnyvale,
174.249.144.0/20,US,US-CA,Sunnyvale,
174.249.160.0/20,US,US-GA,Alpharetta,
174.249.176.0/20,US,US-GA,Alpharetta,
174.249.24.0/23,US,US-AL,Birmingham,
174.249.26.0/23,US,US-CA,Sunnyvale,
174.249.32.0/22,US,US-MA,Westborough,
174.249.36.0/22,US,US-CT,Windsor,
174.249.40.0/22,US,US-TX,Euless,
174.249.44.0/22,US,US-TX,Schertz,
174.249.48.0/22,US,US-NC,Charlotte,
174.249.64.0/20,US,US-PA,Plymouth Meeting,
174.249.80.0/20,US,US-PA,Plymouth Meeting,
174.250.192.0/20,US,US-KS,Lenexa,
174.250.208.0/20,US,US-KS,Lenexa,
174.251.0.0/19,US,US-MA,Westborough,
174.251.128.0/19,US,US-VA,Richmond,
174.251.160.0/19,US,US-CA,Rocklin,
174.251.192.0/20,US,US-PA,Bridgeville,
174.251.208.0/20,US,US-PA,Bridgeville,
174.251.224.0/20,US,US-TX,Houston,
174.251.240.0/20,US,US-TX,Houston,
174.251.32.0/19,US,US-IN,Indianapolis,
174.251.64.0/18,US,US-NJ,Branchburg,
174.252.0.0/20,US,US-CA,Rocklin,
174.252.16.0/20,US,US-TX,Euless,
174.252.32.0/20,US,US-MI,Southfield,
174.252.96.0/20,US,US-NJ,Branchburg,
174.254.128.0/20,US,US-PA,Bridgeville,
174.254.144.0/20,US,US-PA,Bridgeville,
174.254.160.0/20,US,US-PA,Johnstown,
174.254.176.0/20,US,US-PA,Johnstown,
174.254.32.0/20,US,US-GA,Alpharetta,
174.254.48.0/20,US,US-GA,Alpharetta,
174.255.168.0/21,US,US-WA,Redmond,
2600:1000:a000::/44,US,US-MA,Westborough,
2600:1000:a010::/44,US,US-MA,Westborough,
2600:1000:a021::/48,US,US-MA,Westborough,
2600:1000:a022::/48,US,US-MA,Westborough,
2600:1000:a023::/48,US,US-MA,Westborough,
2600:1000:a100::/44,US,US-CT,Windsor,
2600:1000:a110::/44,US,US-CT,Windsor,
2600:1000:a121::/48,US,US-CT,Windsor,
2600:1000:a122::/48,US,US-CT,Windsor,
2600:1000:a123::/48,US,US-CT,Windsor,
2600:1000:b000::/44,US,US-MA,Westborough,
2600:1000:b010::/44,US,US-MA,Westborough,
2600:1000:b020::/44,US,US-MA,Westborough,
2600:1000:b030::/44,US,US-MA,Westborough,
2600:1000:b040::/44,US,US-MA,Westborough,
2600:1000:b050::/44,US,US-MA,Westborough,
2600:1000:b060::/44,US,US-MA,Westborough,
2600:1000:b070::/44,US,US-MA,Westborough,
2600:1000:b090::/44,US,US-MA,Westborough,
2600:1000:b0a0::/44,US,US-MA,Westborough,
2600:1000:b0c0::/44,US,US-MA,Westborough,
2600:1000:b0d0::/44,US,US-MA,Westborough,
2600:1000:b0e0::/47,US,US-MA,Westborough,
2600:1000:b0e8::/45,US,US-MA,Westborough,
2600:1000:b0f0::/45,US,US-MA,Westborough,
2600:1000:b0fe::/48,US,US-MA,Westborough,
2600:1000:b100::/44,US,US-CT,Windsor,
2600:1000:b110::/44,US,US-CT,Windsor,
2600:1000:b120::/44,US,US-CT,Windsor,
2600:1000:b140::/44,US,US-CT,Windsor,
2600:1000:b150::/44,US,US-CT,Windsor,
2600:1000:b160::/44,US,US-CT,Windsor,
2600:1000:b170::/44,US,US-CT,Windsor,
2600:1000:b180::/45,US,US-CT,Windsor,
2600:1000:b188::/45,US,US-CT,Windsor,
2600:1000:b190::/44,US,US-CT,Windsor,
2600:1000:b1c0::/48,US,US-CT,Windsor,
2600:1000:b1d0::/44,US,US-CT,Windsor,
2600:1000:b1e0::/44,US,US-CT,Windsor,
2600:1001:a000::/44,US,US-NJ,Branchburg,
2600:1001:a010::/48,US,US-NJ,Branchburg,
2600:1001:a011::/48,US,US-NJ,Branchburg,
2600:1001:a018::/45,US,US-NJ,Branchburg,
2600:1001:a100::/44,US,US-NJ,Wall Township,
2600:1001:a110::/48,US,US-NJ,Wall Township,
2600:1001:a111::/48,US,US-NJ,Wall Township,
2600:1001:a118::/45,US,US-NJ,Branchburg,
2600:1001:b000::/44,US,US-NJ,Branchburg,
2600:1001:b010::/44,US,US-NJ,Branchburg,
2600:1001:b020::/44,US,US-NJ,Branchburg,
2600:1001:b030::/44,US,US-NJ,Branchburg,
2600:1001:b040::/44,US,US-NJ,Branchburg,
2600:1001:b050::/45,US,US-NJ,Branchburg,
2600:1001:b0d0::/44,US,US-NJ,Branchburg,
2600:1001:b0f0::/45,US,US-NJ,Branchburg,
2600:1001:b0fe::/48,US,US-NJ,Branchburg,
2600:1001:b100::/44,US,US-NJ,Wall Township,
2600:1001:b110::/44,US,US-NJ,Wall Township,
2600:1001:b120::/44,US,US-NJ,Wall Township,
2600:1001:b13e::/48,US,US-NJ,Wall Township,
2600:1001:b140::/44,US,US-NJ,Wall Township,
2600:1001:b150::/45,US,US-NJ,Wall Township,
2600:1001:b158::/45,US,US-NJ,Branchburg,
2600:1001:b1c0::/44,US,US-NJ,Branchburg,
2600:1001:b1d0::/44,US,US-NJ,Wall Township,
2600:1001:d040::/44,US,US-NJ,Branchburg,
2600:1001:d050::/44,US,US-NJ,Branchburg,
2600:1001:d0c0::/44,US,US-NJ,Branchburg,
2600:1002:a000::/44,US,US-PA,Plymouth Meeting,
2600:1002:a010::/48,US,US-PA,Plymouth Meeting,
2600:1002:a011::/48,US,US-PA,Plymouth Meeting,
2600:1002:a012::/48,US,US-PA,Plymouth Meeting,
2600:1002:a013::/48,US,US-PA,Plymouth Meeting,
2600:1002:a100::/44,US,US-DE,New Castle,
2600:1002:a110::/48,US,US-DE,New Castle,
2600:1002:a111::/48,US,US-DE,New Castle,
2600:1002:a112::/48,US,US-DE,New Castle,
2600:1002:a113::/48,US,US-DE,New Castle,
2600:1002:a120::/44,US,US-DE,New Castle,
2600:1002:b000::/44,US,US-PA,Plymouth Meeting,
2600:1002:b010::/44,US,US-PA,Plymouth Meeting,
2600:1002:b020::/44,US,US-PA,Plymouth Meeting,
2600:1002:b030::/44,US,US-PA,Plymouth Meeting,
2600:1002:b050::/45,US,US-PA,Plymouth Meeting,
2600:1002:b058::/45,US,US-PA,Plymouth Meeting,
2600:1002:b060::/44,US,US-PA,Plymouth Meeting,
2600:1002:b070::/44,US,US-PA,Plymouth Meeting,
2600:1002:b080::/45,US,US-PA,Plymouth Meeting,
2600:1002:b0c0::/44,US,US-PA,Plymouth Meeting,
2600:1002:b0d0::/44,US,US-PA,Plymouth Meeting,
2600:1002:b0e0::/48,US,US-PA,Plymouth Meeting,
2600:1002:b0e8::/45,US,US-PA,Plymouth Meeting,
2600:1002:b100::/44,US,US-DE,New Castle,
2600:1002:b110::/44,US,US-DE,New Castle,
2600:1002:b120::/44,US,US-DE,New Castle,
2600:1002:b130::/44,US,US-DE,New Castle,
2600:1002:b150::/45,US,US-DE,New Castle,
2600:1002:b158::/45,US,US-DE,New Castle,
2600:1002:b160::/44,US,US-DE,New Castle,
2600:1002:b170::/44,US,US-DE,New Castle,
2600:1002:b180::/44,US,US-DE,New Castle,
2600:1002:b1a0::/44,US,US-DE,New Castle,
2600:1002:b1b0::/48,US,US-DE,New Castle,
2600:1002:b1b8::/45,US,US-DE,New Castle,
2600:1002:b1d0::/44,US,US-DE,New Castle,
2600:1002:b1e0::/44,US,US-DE,New Castle,
2600:1002:d020::/44,US,US-PA,Plymouth Meeting,
2600:1002:d050::/44,US,US-PA,Plymouth Meeting,
2600:1002:d060::/44,US,US-PA,Plymouth Meeting,
2600:1003:a000::/44,US,US-MD,Annapolis Junction,
2600:1003:a010::/48,US,US-MD,Annapolis Junction,
2600:1003:a011::/48,US,US-MD,Annapolis Junction,
2600:1003:a100::/44,US,US-VA,Chantilly,
2600:1003:a110::/48,US,US-VA,Chantilly,
2600:1003:a111::/48,US,US-VA,Chantilly,
2600:1003:a400::/44,US,US-VA,Richmond,
2600:1003:a410::/48,US,US-VA,Richmond,
2600:1003:a412::/48,US,US-VA,Richmond,
2600:1003:a800::/44,US,US-VA,Roanoke,
2600:1003:a810::/48,US,US-VA,Roanoke,
2600:1003:a812::/48,US,US-VA,Roanoke,
2600:1003:b000::/44,US,US-MD,Annapolis Junction,
2600:1003:b010::/44,US,US-MD,Annapolis Junction,
2600:1003:b020::/44,US,US-MD,Annapolis Junction,
2600:1003:b030::/44,US,US-MD,Annapolis Junction,
2600:1003:b050::/45,US,US-MD,Annapolis Junction,
2600:1003:b058::/45,US,US-MD,Annapolis Junction,
2600:1003:b060::/44,US,US-MD,Annapolis Junction,
2600:1003:b0d0::/44,US,US-MD,Annapolis Junction,
2600:1003:b0fe::/48,US,US-MD,Annapolis Junction,
2600:1003:b100::/44,US,US-VA,Chantilly,
2600:1003:b110::/44,US,US-VA,Chantilly,
2600:1003:b120::/44,US,US-VA,Chantilly,
2600:1003:b130::/44,US,US-VA,Chantilly,
2600:1003:b158::/45,US,US-VA,Chantilly,
2600:1003:b1b0::/44,US,US-VA,Chantilly,
2600:1003:b1d0::/44,US,US-VA,Chantilly,
2600:1003:b1e0::/48,US,US-VA,Chantilly,
2600:1003:b440::/44,US,US-VA,Richmond,
2600:1003:b450::/44,US,US-VA,Richmond,
2600:1003:b460::/44,US,US-VA,Richmond,
2600:1003:b470::/44,US,US-VA,Richmond,
2600:1003:b4c0::/45,US,US-VA,Richmond,
2600:1003:b4c8::/45,US,US-VA,Richmond,
2600:1003:b4d0::/44,US,US-VA,Richmond,
2600:1003:b4e0::/44,US,US-VA,Richmond,
2600:1003:b4f0::/48,US,US-VA,Richmond,
2600:1003:b840::/44,US,US-VA,Roanoke,
2600:1003:b850::/44,US,US-VA,Roanoke,
2600:1003:b860::/44,US,US-VA,Roanoke,
2600:1003:b870::/44,US,US-VA,Roanoke,
2600:1003:b880::/45,US,US-VA,Roanoke,
2600:1003:b888::/45,US,US-VA,Roanoke,
2600:1003:b890::/48,US,US-VA,Roanoke,
2600:1003:b8c0::/44,US,US-VA,Roanoke,
2600:1003:b8d0::/44,US,US-VA,Roanoke,
2600:1004:a000::/44,US,US-NC,Charlotte,
2600:1004:a010::/44,US,US-NC,Charlotte,
2600:1004:a020::/44,US,US-NC,Charlotte,
2600:1004:a030::/48,US,US-NC,Charlotte,
2600:1004:a031::/48,US,US-NC,Charlotte,
2600:1004:a032::/48,US,US-NC,Charlotte,
2600:1004:a033::/48,US,US-NC,Charlotte,
2600:1004:a040::/44,US,US-NC,Charlotte,
2600:1004:a100::/44,US,US-TN,Whites Creek,
2600:1004:a110::/44,US,US-TN,Whites Creek,
2600:1004:a121::/48,US,US-TN,Whites Creek,
2600:1004:a122::/48,US,US-TN,Whites Creek,
2600:1004:a123::/48,US,US-TN,Whites Creek,
2600:1004:a130::/44,US,US-TN,Whites Creek,
2600:1004:b000::/44,US,US-NC,Charlotte,
2600:1004:b010::/44,US,US-NC,Charlotte,
2600:1004:b020::/44,US,US-NC,Charlotte,
2600:1004:b030::/44,US,US-NC,Charlotte,
2600:1004:b040::/44,US,US-NC,Charlotte,
2600:1004:b050::/44,US,US-NC,Charlotte,
2600:1004:b060::/44,US,US-NC,Charlotte,
2600:1004:b070::/44,US,US-NC,Charlotte,
2600:1004:b080::/44,US,US-NC,Charlotte,
2600:1004:b090::/44,US,US-NC,Charlotte,
2600:1004:b0a0::/44,US,US-NC,Charlotte,
2600:1004:b0b0::/44,US,US-NC,Charlotte,
2600:1004:b0c0::/44,US,US-NC,Charlotte,
2600:1004:b0d0::/44,US,US-NC,Charlotte,
2600:1004:b0e0::/44,US,US-NC,Charlotte,
2600:1004:b100::/44,US,US-TN,Whites Creek,
2600:1004:b110::/44,US,US-TN,Whites Creek,
2600:1004:b120::/44,US,US-TN,Whites Creek,
2600:1004:b140::/44,US,US-TN,Whites Creek,
2600:1004:b150::/44,US,US-TN,Whites Creek,
2600:1004:b160::/44,US,US-TN,Whites Creek,
2600:1004:b170::/44,US,US-TN,Whites Creek,
2600:1004:b180::/44,US,US-TN,Whites Creek,
2600:1004:b190::/44,US,US-TN,Whites Creek,
2600:1004:b1a0::/44,US,US-TN,Whites Creek,
2600:1004:b1b0::/44,US,US-TN,Whites Creek,
2600:1004:b1c0::/45,US,US-TN,Whites Creek,
2600:1004:b1c8::/45,US,US-TN,Whites Creek,
2600:1004:b1d0::/44,US,US-TN,Whites Creek,
2600:1004:b1e0::/44,US,US-TN,Whites Creek,
2600:1004:b200::/44,US,US-NC,Charlotte,
2600:1004:b210::/44,US,US-NC,Charlotte,
2600:1004:b238::/45,US,US-NC,Charlotte,
2600:1004:b240::/45,US,US-NC,Charlotte,
2600:1004:b248::/45,US,US-NC,Charlotte,
2600:1004:b250::/44,US,US-NC,Charlotte,
2600:1004:b260::/44,US,US-NC,Charlotte,
2600:1004:b270::/44,US,US-NC,Charlotte,
2600:1004:b280::/44,US,US-NC,Charlotte,
2600:1004:b290::/44,US,US-NC,Charlotte,
2600:1004:b2a0::/45,US,US-NC,Charlotte,
2600:1004:b2a8::/45,US,US-NC,Charlotte,
2600:1004:b2b0::/48,US,US-NC,Charlotte,
2600:1004:b2b8::/45,US,US-NC,Charlotte,
2600:1004:b2c0::/44,US,US-NC,Charlotte,
2600:1004:b2d0::/44,US,US-NC,Charlotte,
2600:1004:b300::/44,US,US-TN,Whites Creek,
2600:1004:b310::/48,US,US-TN,Whites Creek,
2600:1004:b318::/45,US,US-TN,Whites Creek,
2600:1004:b320::/44,US,US-TN,Whites Creek,
2600:1004:b330::/44,US,US-TN,Whites Creek,
2600:1004:b340::/45,US,US-TN,Whites Creek,
2600:1005:a000::/44,US,US-GA,Alpharetta,
2600:1005:a010::/44,US,US-GA,Alpharetta,
2600:1005:a020::/48,US,US-GA,Alpharetta,
2600:1005:a022::/48,US,US-GA,Alpharetta,
2600:1005:a026::/48,US,US-GA,Alpharetta,
2600:1005:a028::/48,US,US-GA,Alpharetta,
2600:1005:a030::/44,US,US-GA,Alpharetta,
2600:1005:a100::/44,US,US-AL,Birmingham,
2600:1005:a110::/44,US,US-AL,Birmingham,
2600:1005:a120::/48,US,US-AL,Birmingham,
2600:1005:a122::/48,US,US-AL,Birmingham,
2600:1005:a126::/48,US,US-AL,Birmingham,
2600:1005:a127::/48,US,US-AL,Birmingham,
2600:1005:b000::/44,US,US-GA,Alpharetta,
2600:1005:b010::/44,US,US-GA,Alpharetta,
2600:1005:b020::/44,US,US-GA,Alpharetta,
2600:1005:b040::/44,US,US-GA,Alpharetta,
2600:1005:b050::/44,US,US-GA,Alpharetta,
2600:1005:b060::/44,US,US-GA,Alpharetta,
2600:1005:b080::/44,US,US-GA,Alpharetta,
2600:1005:b090::/44,US,US-GA,Alpharetta,
2600:1005:b0a0::/45,US,US-GA,Alpharetta,
2600:1005:b0a8::/45,US,US-GA,Alpharetta,
2600:1005:b0b0::/44,US,US-GA,Alpharetta,
2600:1005:b0c0::/44,US,US-GA,Alpharetta,
2600:1005:b0d0::/44,US,US-GA,Alpharetta,
2600:1005:b0e0::/44,US,US-GA,Alpharetta,
2600:1005:b0f0::/45,US,US-GA,Alpharetta,
2600:1005:b0fd::/48,US,US-GA,Alpharetta,
2600:1005:b100::/44,US,US-AL,Birmingham,
2600:1005:b110::/44,US,US-AL,Birmingham,
2600:1005:b120::/44,US,US-AL,Birmingham,
2600:1005:b140::/44,US,US-AL,Birmingham,
2600:1005:b150::/44,US,US-AL,Birmingham,
2600:1005:b160::/44,US,US-AL,Birmingham,
2600:1005:b180::/44,US,US-AL,Birmingham,
2600:1005:b190::/45,US,US-AL,Birmingham,
2600:1005:b198::/45,US,US-AL,Birmingham,
2600:1005:b1a0::/44,US,US-AL,Birmingham,
2600:1005:b1b0::/45,US,US-AL,Birmingham,
2600:1005:b1be::/48,US,US-AL,Birmingham,
2600:1005:b1c0::/44,US,US-AL,Birmingham,
2600:1005:b1d0::/44,US,US-AL,Birmingham,
2600:1005:b1e0::/44,US,US-AL,Birmingham,
2600:1005:b200::/44,US,US-GA,Alpharetta,
2600:1005:b210::/44,US,US-GA,Alpharetta,
2600:1005:b238::/45,US,US-GA,Alpharetta,
2600:1005:b240::/44,US,US-GA,Alpharetta,
2600:1005:b250::/44,US,US-GA,Alpharetta,
2600:1005:b300::/44,US,US-AL,Birmingham,
2600:1005:b310::/45,US,US-AL,Birmingham,
2600:1006:a000::/44,US,US-FL,Pembroke Pines,
2600:1006:a010::/44,US,US-FL,Pembroke Pines,
2600:1006:a021::/48,US,US-FL,Pembroke Pines,
2600:1006:a022::/48,US,US-FL,Pembroke Pines,
2600:1006:a023::/48,US,US-FL,Pembroke Pines,
2600:1006:a100::/44,US,US-FL,Orlando,
2600:1006:a110::/44,US,US-FL,Orlando,
2600:1006:a120::/44,US,US-FL,Orlando,
2600:1006:a131::/48,US,US-FL,Orlando,
2600:1006:a132::/48,US,US-FL,Orlando,
2600:1006:a133::/48,US,US-FL,Orlando,
2600:1006:b000::/44,US,US-FL,Pembroke Pines,
2600:1006:b010::/44,US,US-FL,Pembroke Pines,
2600:1006:b020::/44,US,US-FL,Pembroke Pines,
2600:1006:b030::/44,US,US-FL,Pembroke Pines,
2600:1006:b040::/44,US,US-FL,Pembroke Pines,
2600:1006:b050::/44,US,US-FL,Pembroke Pines,
2600:1006:b060::/44,US,US-FL,Pembroke Pines,
2600:1006:b080::/44,US,US-FL,Pembroke Pines,
2600:1006:b090::/45,US,US-FL,Pembroke Pines,
2600:1006:b098::/45,US,US-FL,Pembroke Pines,
2600:1006:b0a0::/44,US,US-FL,Pembroke Pines,
2600:1006:b0c0::/45,US,US-FL,Pembroke Pines,
2600:1006:b0c9::/48,US,US-FL,Pembroke Pines,
2600:1006:b0d0::/44,US,US-FL,Pembroke Pines,
2600:1006:b0e0::/44,US,US-FL,Pembroke Pines,
2600:1006:b100::/44,US,US-FL,Orlando,
2600:1006:b110::/44,US,US-FL,Orlando,
2600:1006:b120::/44,US,US-FL,Orlando,
2600:1006:b130::/44,US,US-FL,Orlando,
2600:1006:b140::/44,US,US-FL,Orlando,
2600:1006:b150::/44,US,US-FL,Orlando,
2600:1006:b160::/44,US,US-FL,Orlando,
2600:1006:b170::/45,US,US-FL,Orlando,
2600:1006:b179::/48,US,US-FL,Orlando,
2600:1006:b180::/44,US,US-FL,Orlando,
2600:1006:b190::/44,US,US-FL,Orlando,
2600:1006:b1a0::/44,US,US-FL,Orlando,
2600:1006:b1b0::/44,US,US-FL,Orlando,
2600:1006:b1d0::/44,US,US-FL,Orlando,
2600:1006:b1e0::/44,US,US-FL,Orlando,
2600:1006:b300::/44,US,US-FL,Orlando,
2600:1006:b310::/45,US,US-FL,Orlando,
2600:1006:b318::/45,US,US-FL,Orlando,
2600:1006:b320::/44,US,US-FL,Orlando,
2600:1006:b330::/44,US,US-FL,Orlando,
2600:1006:b340::/45,US,US-FL,Orlando,
2600:1007:a000::/44,US,US-MI,Southfield,
2600:1007:a011::/48,US,US-MI,Southfield,
2600:1007:a012::/48,US,US-MI,Southfield,
2600:1007:a013::/48,US,US-MI,Southfield,
2600:1007:a020::/44,US,US-MI,Southfield,
2600:1007:a100::/44,US,US-MI,Westland,
2600:1007:a111::/48,US,US-MI,Westland,
2600:1007:a112::/48,US,US-MI,Westland,
2600:1007:a113::/48,US,US-MI,Westland,
2600:1007:b000::/44,US,US-MI,Southfield,
2600:1007:b010::/44,US,US-MI,Southfield,
2600:1007:b020::/44,US,US-MI,Southfield,
2600:1007:b030::/44,US,US-MI,Southfield,
2600:1007:b050::/45,US,US-MI,Southfield,
2600:1007:b058::/45,US,US-MI,Southfield,
2600:1007:b060::/44,US,US-MI,Southfield,
2600:1007:b070::/44,US,US-MI,Southfield,
2600:1007:b080::/44,US,US-MI,Southfield,
2600:1007:b090::/48,US,US-MI,Southfield,
2600:1007:b098::/45,US,US-MI,Southfield,
2600:1007:b0a0::/44,US,US-MI,Southfield,
2600:1007:b0b0::/44,US,US-MI,Southfield,
2600:1007:b0c0::/44,US,US-MI,Southfield,
2600:1007:b0d0::/44,US,US-MI,Southfield,
2600:1007:b100::/44,US,US-MI,Westland,
2600:1007:b110::/44,US,US-MI,Westland,
2600:1007:b120::/44,US,US-MI,Westland,
2600:1007:b130::/44,US,US-MI,Westland,
2600:1007:b150::/45,US,US-MI,Westland,
2600:1007:b158::/45,US,US-MI,Westland,
2600:1007:b160::/44,US,US-MI,Westland,
2600:1007:b170::/44,US,US-MI,Westland,
2600:1007:b1b0::/45,US,US-MI,Westland,
2600:1007:b1d0::/44,US,US-MI,Westland,
2600:1007:b1fe::/48,US,US-MI,Westland,
2600:1007:b200::/44,US,US-MI,Southfield,
2600:1007:d020::/44,US,US-MI,Southfield,
2600:1007:d030::/44,US,US-MI,Southfield,
2600:1007:d0c0::/44,US,US-MI,Southfield,
2600:1008:a000::/44,US,US-IL,Hickory Hills,
2600:1008:a010::/44,US,US-IL,Hickory Hills,
2600:1008:a020::/44,US,US-IL,Hickory Hills,
2600:1008:a030::/48,US,US-IL,Hickory Hills,
2600:1008:a031::/48,US,US-IL,Hickory Hills,
2600:1008:a032::/48,US,US-IL,Hickory Hills,
2600:1008:a033::/48,US,US-IL,Hickory Hills,
2600:1008:a038::/45,US,US-IL,Hickory Hills,
2600:1008:a100::/44,US,US-WI,New Berlin,
2600:1008:a110::/44,US,US-WI,New Berlin,
2600:1008:a120::/44,US,US-WI,New Berlin,
2600:1008:a130::/48,US,US-WI,New Berlin,
2600:1008:a131::/48,US,US-WI,New Berlin,
2600:1008:a132::/48,US,US-WI,New Berlin,
2600:1008:a133::/48,US,US-WI,New Berlin,
2600:1008:a138::/45,US,US-WI,New Berlin,
2600:1008:b000::/44,US,US-IL,Hickory Hills,
2600:1008:b010::/44,US,US-IL,Hickory Hills,
2600:1008:b020::/44,US,US-IL,Hickory Hills,
2600:1008:b030::/44,US,US-IL,Hickory Hills,
2600:1008:b040::/44,US,US-IL,Hickory Hills,
2600:1008:b050::/44,US,US-IL,Hickory Hills,
2600:1008:b060::/44,US,US-IL,Hickory Hills,
2600:1008:b070::/45,US,US-IL,Hickory Hills,
2600:1008:b078::/45,US,US-IL,Hickory Hills,
2600:1008:b080::/44,US,US-IL,Hickory Hills,
2600:1008:b090::/44,US,US-IL,Hickory Hills,
2600:1008:b0a0::/44,US,US-IL,Hickory Hills,
2600:1008:b0b0::/44,US,US-IL,Hickory Hills,
2600:1008:b0c0::/44,US,US-IL,Hickory Hills,
2600:1008:b0d0::/44,US,US-IL,Hickory Hills,
2600:1008:b0e0::/44,US,US-IL,Hickory Hills,
2600:1008:b100::/44,US,US-WI,New Berlin,
2600:1008:b110::/44,US,US-WI,New Berlin,
2600:1008:b120::/44,US,US-WI,New Berlin,
2600:1008:b130::/44,US,US-WI,New Berlin,
2600:1008:b140::/44,US,US-WI,New Berlin,
2600:1008:b150::/44,US,US-WI,New Berlin,
2600:1008:b160::/44,US,US-WI,New Berlin,
2600:1008:b170::/45,US,US-WI,New Berlin,
2600:1008:b178::/45,US,US-WI,New Berlin,
2600:1008:b180::/44,US,US-WI,New Berlin,
2600:1008:b190::/44,US,US-WI,New Berlin,
2600:1008:b1a0::/44,US,US-WI,New Berlin,
2600:1008:b1b0::/44,US,US-WI,New Berlin,
2600:1008:b1c0::/44,US,US-WI,New Berlin,
2600:1008:b1d0::/44,US,US-WI,New Berlin,
2600:1008:b1e0::/44,US,US-WI,New Berlin,
2600:1008:b200::/48,US,US-IL,Hickory Hills,
2600:1008:b208::/45,US,US-IL,Hickory Hills,
2600:1008:b210::/44,US,US-IL,Hickory Hills,
2600:1008:b220::/44,US,US-IL,Hickory Hills,
2600:1008:b230::/45,US,US-IL,Hickory Hills,
2600:1008:b300::/45,US,US-WI,New Berlin,
2600:1008:b30f::/48,US,US-WI,New Berlin,
2600:1008:b310::/44,US,US-WI,New Berlin,
2600:1008:b320::/44,US,US-WI,New Berlin,
2600:1008:b330::/45,US,US-WI,New Berlin,
2600:1009:a000::/44,US,US-OH,Columbus,
2600:1009:a010::/44,US,US-OH,Columbus,
2600:1009:a021::/48,US,US-OH,Columbus,
2600:1009:a022::/48,US,US-OH,Columbus,
2600:1009:a023::/48,US,US-OH,Columbus,
2600:1009:a024::/48,US,US-OH,Columbus,
2600:1009:a100::/44,US,US-OH,Cincinnati,
2600:1009:a110::/44,US,US-OH,Cincinnati,
2600:1009:a121::/48,US,US-OH,Cincinnati,
2600:1009:a122::/48,US,US-OH,Cincinnati,
2600:1009:a123::/48,US,US-OH,Cincinnati,
2600:1009:a124::/48,US,US-OH,Cincinnati,
2600:1009:b000::/44,US,US-OH,Columbus,
2600:1009:b010::/44,US,US-OH,Columbus,
2600:1009:b020::/44,US,US-OH,Columbus,
2600:1009:b040::/44,US,US-OH,Columbus,
2600:1009:b050::/44,US,US-OH,Columbus,
2600:1009:b060::/44,US,US-OH,Columbus,
2600:1009:b070::/44,US,US-OH,Columbus,
2600:1009:b080::/44,US,US-OH,Columbus,
2600:1009:b090::/45,US,US-OH,Columbus,
2600:1009:b0c0::/45,US,US-OH,Columbus,
2600:1009:b0c8::/48,US,US-OH,Columbus,
2600:1009:b0d0::/44,US,US-OH,Columbus,
2600:1009:b0e0::/44,US,US-OH,Columbus,
2600:1009:b100::/44,US,US-OH,Cincinnati,
2600:1009:b110::/44,US,US-OH,Cincinnati,
2600:1009:b120::/44,US,US-OH,Cincinnati,
2600:1009:b140::/44,US,US-OH,Cincinnati,
2600:1009:b150::/44,US,US-OH,Cincinnati,
2600:1009:b160::/44,US,US-OH,Cincinnati,
2600:1009:b170::/44,US,US-OH,Cincinnati,
2600:1009:b180::/44,US,US-OH,Cincinnati,
2600:1009:b190::/48,US,US-OH,Cincinnati,
2600:1009:b198::/45,US,US-OH,Cincinnati,
2600:1009:b1a0::/44,US,US-OH,Cincinnati,
2600:1009:b1c0::/45,US,US-OH,Cincinnati,
2600:1009:b1c8::/45,US,US-OH,Cincinnati,
2600:1009:b1d0::/44,US,US-OH,Cincinnati,
2600:1009:b1e0::/44,US,US-OH,Cincinnati,
2600:100a:a000::/44,US,US-KS,Lenexa,
2600:100a:a011::/48,US,US-KS,Lenexa,
2600:100a:a013::/48,US,US-KS,Lenexa,
2600:100a:a100::/44,US,US-MO,St. Louis,
2600:100a:a111::/48,US,US-MO,St. Louis,
2600:100a:a112::/48,US,US-MO,St. Louis,
2600:100a:b000::/44,US,US-KS,Lenexa,
2600:100a:b010::/44,US,US-KS,Lenexa,
2600:100a:b020::/44,US,US-KS,Lenexa,
2600:100a:b030::/44,US,US-KS,Lenexa,
2600:100a:b050::/45,US,US-KS,Lenexa,
2600:100a:b058::/45,US,US-KS,Lenexa,
2600:100a:b0c0::/44,US,US-KS,Lenexa,
2600:100a:b0d0::/44,US,US-KS,Lenexa,
2600:100a:b0e0::/48,US,US-KS,Lenexa,
2600:100a:b100::/44,US,US-MO,St. Louis,
2600:100a:b110::/44,US,US-MO,St. Louis,
2600:100a:b120::/44,US,US-MO,St. Louis,
2600:100a:b140::/44,US,US-MO,St. Louis,
2600:100a:b150::/48,US,US-MO,St. Louis,
2600:100a:b1c0::/44,US,US-MO,St. Louis,
2600:100a:b1d0::/44,US,US-MO,St. Louis,
2600:100a:b1e0::/45,US,US-MO,St. Louis,
2600:100a:b1e8::/45,US,US-MO,St. Louis,
2600:100b:a000::/44,US,US-OK,Tulsa,
2600:100b:a010::/48,US,US-OK,Tulsa,
2600:100b:a011::/48,US,US-OK,Tulsa,
2600:100b:a100::/44,US,US-TN,Arlington,
2600:100b:a111::/48,US,US-TN,Arlington,
2600:100b:a113::/48,US,US-TN,Arlington,
2600:100b:b000::/44,US,US-OK,Tulsa,
2600:100b:b010::/44,US,US-OK,Tulsa,
2600:100b:b020::/44,US,US-OK,Tulsa,
2600:100b:b030::/44,US,US-OK,Tulsa,
2600:100b:b0c0::/45,US,US-OK,Tulsa,
2600:100b:b0d0::/44,US,US-OK,Tulsa,
2600:100b:b0e0::/48,US,US-OK,Tulsa,
2600:100b:b100::/44,US,US-TN,Arlington,
2600:100b:b110::/44,US,US-TN,Arlington,
2600:100b:b120::/44,US,US-TN,Arlington,
2600:100b:b130::/44,US,US-TN,Arlington,
2600:100b:b1c0::/45,US,US-TN,Arlington,
2600:100b:b1c8::/45,US,US-TN,Arlington,
2600:100b:b1d0::/44,US,US-TN,Arlington,
2600:100b:b1e0::/44,US,US-TN,Arlington,
2600:100b:b1f0::/48,US,US-TN,Arlington,
2600:100c:a100::/44,US,US-TX,Schertz,
2600:100c:a110::/44,US,US-TX,Schertz,
2600:100c:a121::/48,US,US-TX,Schertz,
2600:100c:a122::/48,US,US-TX,Schertz,
2600:100c:a123::/48,US,US-TX,Schertz,
2600:100c:a127::/48,US,US-TX,Schertz,
2600:100c:a200::/44,US,US-TX,Euless,
2600:100c:a210::/44,US,US-TX,Euless,
2600:100c:a221::/48,US,US-TX,Euless,
2600:100c:a222::/48,US,US-TX,Euless,
2600:100c:a223::/48,US,US-TX,Euless,
2600:100c:a227::/48,US,US-TX,Euless,
2600:100c:b000::/44,US,US-TX,Schertz,
2600:100c:b010::/44,US,US-TX,Schertz,
2600:100c:b020::/44,US,US-TX,Schertz,
2600:100c:b030::/44,US,US-TX,Schertz,
2600:100c:b040::/44,US,US-TX,Schertz,
2600:100c:b050::/44,US,US-TX,Schertz,
2600:100c:b060::/44,US,US-TX,Schertz,
2600:100c:b078::/45,US,US-TX,Schertz,
2600:100c:b080::/44,US,US-TX,Schertz,
2600:100c:b0a0::/44,US,US-TX,Schertz,
2600:100c:b0b0::/48,US,US-TX,Schertz,
2600:100c:b0b8::/45,US,US-TX,Schertz,
2600:100c:b0d0::/44,US,US-TX,Schertz,
2600:100c:b0e0::/44,US,US-TX,Schertz,
2600:100c:b200::/44,US,US-TX,Euless,
2600:100c:b210::/44,US,US-TX,Euless,
2600:100c:b220::/44,US,US-TX,Euless,
2600:100c:b230::/44,US,US-TX,Euless,
2600:100c:b240::/44,US,US-TX,Euless,
2600:100c:b250::/44,US,US-TX,Euless,
2600:100c:b260::/44,US,US-TX,Euless,
2600:100c:b280::/44,US,US-TX,Euless,
2600:100c:b290::/45,US,US-TX,Euless,
2600:100c:b2a0::/44,US,US-TX,Euless,
2600:100c:b2d0::/44,US,US-TX,Euless,
2600:100c:b2e0::/44,US,US-TX,Euless,
2600:100c:b2f0::/45,US,US-TX,Euless,
2600:100c:b2fc::/48,US,US-TX,Euless,
2600:100c:b300::/44,US,US-TX,Euless,
2600:100c:b310::/45,US,US-TX,Euless,
2600:100c:d240::/44,US,US-TX,Euless,
2600:100c:d250::/44,US,US-TX,Euless,
2600:100c:d2c0::/44,US,US-TX,Euless,
2600:100d:a000::/44,US,US-TX,Houston,
2600:100d:a010::/44,US,US-TX,Houston,
2600:100d:a0ec::/48,US,US-TX,Houston,
2600:100d:a0ed::/48,US,US-TX,Houston,
2600:100d:a0ee::/48,US,US-TX,Houston,
2600:100d:a100::/44,US,US-LA,Baton Rouge,
2600:100d:a110::/44,US,US-LA,Baton Rouge,
2600:100d:a120::/48,US,US-LA,Baton Rouge,
2600:100d:a121::/48,US,US-LA,Baton Rouge,
2600:100d:a122::/48,US,US-LA,Baton Rouge,
2600:100d:b000::/44,US,US-TX,Houston,
2600:100d:b010::/44,US,US-TX,Houston,
2600:100d:b020::/44,US,US-TX,Houston,
2600:100d:b030::/44,US,US-TX,Houston,
2600:100d:b040::/44,US,US-TX,Houston,
2600:100d:b050::/44,US,US-TX,Houston,
2600:100d:b060::/44,US,US-TX,Houston,
2600:100d:b070::/45,US,US-TX,Houston,
2600:100d:b078::/45,US,US-TX,Houston,
2600:100d:b080::/44,US,US-TX,Houston,
2600:100d:b090::/44,US,US-TX,Houston,
2600:100d:b0a0::/45,US,US-TX,Houston,
2600:100d:b0ce::/48,US,US-TX,Houston,
2600:100d:b0d0::/44,US,US-TX,Houston,
2600:100d:b0e0::/44,US,US-TX,Houston,
2600:100d:b100::/44,US,US-LA,Baton Rouge,
2600:100d:b110::/44,US,US-LA,Baton Rouge,
2600:100d:b120::/44,US,US-LA,Baton Rouge,
2600:100d:b130::/44,US,US-LA,Baton Rouge,
2600:100d:b140::/44,US,US-LA,Baton Rouge,
2600:100d:b150::/44,US,US-LA,Baton Rouge,
2600:100d:b160::/44,US,US-LA,Baton Rouge,
2600:100d:b170::/45,US,US-LA,Baton Rouge,
2600:100d:b178::/45,US,US-LA,Baton Rouge,
2600:100d:b180::/44,US,US-LA,Baton Rouge,
2600:100d:b1ce::/48,US,US-LA,Baton Rouge,
2600:100d:b1d0::/44,US,US-LA,Baton Rouge,
2600:100d:b1e0::/44,US,US-LA,Baton Rouge,
2600:100e:a000::/44,US,US-CO,Aurora,
2600:100e:a010::/44,US,US-CO,Aurora,
2600:100e:a020::/48,US,US-CO,Aurora,
2600:100e:a021::/48,US,US-CO,Aurora,
2600:100e:a022::/48,US,US-CO,Aurora,
2600:100e:a023::/48,US,US-CO,Aurora,
2600:100e:a024::/48,US,US-CO,Aurora,
2600:100e:a100::/44,US,US-UT,West Jordan,
2600:100e:a110::/44,US,US-UT,West Jordan,
2600:100e:a120::/48,US,US-UT,West Jordan,
2600:100e:a121::/48,US,US-UT,West Jordan,
2600:100e:a122::/48,US,US-UT,West Jordan,
2600:100e:a123::/48,US,US-UT,West Jordan,
2600:100e:a124::/48,US,US-UT,West Jordan,
2600:100e:b000::/44,US,US-CO,Aurora,
2600:100e:b010::/44,US,US-CO,Aurora,
2600:100e:b020::/44,US,US-CO,Aurora,
2600:100e:b030::/44,US,US-CO,Aurora,
2600:100e:b040::/44,US,US-CO,Aurora,
2600:100e:b060::/44,US,US-CO,Aurora,
2600:100e:b070::/44,US,US-CO,Aurora,
2600:100e:b080::/44,US,US-CO,Aurora,
2600:100e:b090::/44,US,US-CO,Aurora,
2600:100e:b0a0::/44,US,US-CO,Aurora,
2600:100e:b0b0::/44,US,US-CO,Aurora,
2600:100e:b0c0::/45,US,US-CO,Aurora,
2600:100e:b0c8::/45,US,US-CO,Aurora,
2600:100e:b0d0::/44,US,US-CO,Aurora,
2600:100e:b100::/44,US,US-UT,West Jordan,
2600:100e:b110::/44,US,US-UT,West Jordan,
2600:100e:b120::/44,US,US-UT,West Jordan,
2600:100e:b130::/44,US,US-UT,West Jordan,
2600:100e:b140::/44,US,US-UT,West Jordan,
2600:100e:b150::/44,US,US-UT,West Jordan,
2600:100e:b160::/44,US,US-UT,West Jordan,
2600:100e:b170::/44,US,US-UT,West Jordan,
2600:100e:b180::/44,US,US-UT,West Jordan,
2600:100e:b190::/44,US,US-UT,West Jordan,
2600:100e:b1c0::/44,US,US-UT,West Jordan,
2600:100e:b1d0::/44,US,US-UT,West Jordan,
2600:100e:b1ee::/48,US,US-UT,West Jordan,
2600:100e:b1ef::/48,US,US-UT,West Jordan,
2600:100e:b200::/44,US,US-CO,Aurora,
2600:100e:b210::/44,US,US-CO,Aurora,
2600:100e:b220::/48,US,US-CO,Aurora,
2600:100e:b221::/48,US,US-CO,Aurora,
2600:100e:b228::/45,US,US-CO,Aurora,
2600:100e:b230::/44,US,US-CO,Aurora,
2600:100e:b240::/45,US,US-CO,Aurora,
2600:100e:b300::/44,US,US-UT,West Jordan,
2600:100e:b310::/44,US,US-UT,West Jordan,
2600:100e:b320::/45,US,US-UT,West Jordan,
2600:100e:b328::/45,US,US-UT,West Jordan,
2600:100e:b330::/44,US,US-UT,West Jordan,
2600:100f:a000::/44,US,US-WA,Redmond,
2600:100f:a010::/44,US,US-WA,Redmond,
2600:100f:a020::/48,US,US-WA,Redmond,
2600:100f:a021::/48,US,US-WA,Redmond,
2600:100f:a022::/48,US,US-WA,Redmond,
2600:100f:a023::/48,US,US-WA,Redmond,
2600:100f:a100::/44,US,US-OR,Hillsboro,
2600:100f:a110::/48,US,US-OR,Hillsboro,
2600:100f:a111::/48,US,US-OR,Hillsboro,
2600:100f:a112::/48,US,US-OR,Hillsboro,
2600:100f:a113::/48,US,US-OR,Hillsboro,
2600:100f:b000::/44,US,US-WA,Redmond,
2600:100f:b010::/44,US,US-WA,Redmond,
2600:100f:b020::/44,US,US-WA,Redmond,
2600:100f:b030::/44,US,US-WA,Redmond,
2600:100f:b060::/44,US,US-WA,Redmond,
2600:100f:b070::/44,US,US-WA,Redmond,
2600:100f:b080::/44,US,US-WA,Redmond,
2600:100f:b090::/44,US,US-WA,Redmond,
2600:100f:b0a0::/44,US,US-WA,Redmond,
2600:100f:b0b0::/44,US,US-WA,Redmond,
2600:100f:b0c0::/45,US,US-WA,Redmond,
2600:100f:b0c8::/45,US,US-WA,Redmond,
2600:100f:b0d0::/44,US,US-WA,Redmond,
2600:100f:b0e0::/44,US,US-WA,Redmond,
2600:100f:b100::/44,US,US-OR,Hillsboro,
2600:100f:b110::/44,US,US-OR,Hillsboro,
2600:100f:b120::/44,US,US-OR,Hillsboro,
2600:100f:b130::/44,US,US-OR,Hillsboro,
2600:100f:b190::/44,US,US-OR,Hillsboro,
2600:100f:b1a0::/45,US,US-OR,Hillsboro,
2600:100f:b1a8::/45,US,US-OR,Hillsboro,
2600:100f:b1b0::/44,US,US-OR,Hillsboro,
2600:100f:b1c0::/44,US,US-OR,Hillsboro,
2600:100f:b1d0::/44,US,US-OR,Hillsboro,
2600:100f:b1e0::/48,US,US-OR,Hillsboro,
2600:100f:b1e1::/48,US,US-OR,Hillsboro,
2600:100f:b1e8::/45,US,US-OR,Hillsboro,
2600:100f:b200::/45,US,US-WA,Redmond,
2600:100f:b208::/48,US,US-WA,Redmond,
2600:100f:b209::/48,US,US-WA,Redmond,
2600:100f:b210::/44,US,US-WA,Redmond,
2600:100f:b220::/45,US,US-WA,Redmond,
2600:100f:b240::/45,US,US-WA,Redmond,
2600:1010:a000::/44,US,US-CA,Sunnyvale,
2600:1010:a010::/44,US,US-CA,Sunnyvale,
2600:1010:a020::/48,US,US-CA,Sunnyvale,
2600:1010:a021::/48,US,US-CA,Sunnyvale,
2600:1010:a024::/48,US,US-CA,Sunnyvale,
2600:1010:a100::/44,US,US-CA,Rocklin,
2600:1010:a110::/44,US,US-CA,Rocklin,
2600:1010:a120::/48,US,US-CA,Rocklin,
2600:1010:a121::/48,US,US-CA,Rocklin,
2600:1010:a124::/48,US,US-CA,Rocklin,
2600:1010:a130::/44,US,US-CA,Rocklin,
2600:1010:b000::/44,US,US-CA,Sunnyvale,
2600:1010:b010::/44,US,US-CA,Sunnyvale,
2600:1010:b020::/44,US,US-CA,Sunnyvale,
2600:1010:b030::/44,US,US-CA,Sunnyvale,
2600:1010:b040::/44,US,US-CA,Sunnyvale,
2600:1010:b050::/44,US,US-CA,Sunnyvale,
2600:1010:b060::/44,US,US-CA,Sunnyvale,
2600:1010:b070::/44,US,US-CA,Sunnyvale,
2600:1010:b080::/45,US,US-CA,Sunnyvale,
2600:1010:b088::/45,US,US-CA,Sunnyvale,
2600:1010:b090::/44,US,US-CA,Sunnyvale,
2600:1010:b0ae::/48,US,US-CA,Sunnyvale,
2600:1010:b0b0::/44,US,US-CA,Sunnyvale,
2600:1010:b0c0::/44,US,US-CA,Sunnyvale,
2600:1010:b0d0::/44,US,US-CA,Sunnyvale,
2600:1010:b0e0::/45,US,US-CA,Sunnyvale,
2600:1010:b0ee::/48,US,US-CA,Sunnyvale,
2600:1010:b100::/44,US,US-CA,Rocklin,
2600:1010:b110::/44,US,US-CA,Rocklin,
2600:1010:b120::/44,US,US-CA,Rocklin,
2600:1010:b130::/44,US,US-CA,Rocklin,
2600:1010:b140::/44,US,US-CA,Rocklin,
2600:1010:b150::/44,US,US-CA,Rocklin,
2600:1010:b160::/44,US,US-CA,Rocklin,
2600:1010:b170::/44,US,US-CA,Rocklin,
2600:1010:b180::/45,US,US-CA,Rocklin,
2600:1010:b188::/45,US,US-CA,Rocklin,
2600:1010:b190::/44,US,US-CA,Rocklin,
2600:1010:b1a0::/44,US,US-CA,Rocklin,
2600:1010:b1b0::/44,US,US-CA,Rocklin,
2600:1010:b1ce::/48,US,US-CA,Rocklin,
2600:1010:b1d0::/44,US,US-CA,Rocklin,
2600:1010:b1e0::/44,US,US-CA,Rocklin,
2600:1010:b1f0::/45,US,US-CA,Rocklin,
2600:1010:b1fe::/48,US,US-CA,Rocklin,
2600:1010:b300::/44,US,US-CA,Rocklin,
2600:1010:b320::/44,US,US-CA,Rocklin,
2600:1010:b330::/44,US,US-CA,Rocklin,
2600:1010:d1a0::/44,US,US-CA,Rocklin,
2600:1010:d1b0::/44,US,US-CA,Rocklin,
2600:1010:d1c0::/44,US,US-CA,Rocklin,
2600:1011:a000::/44,US,US-NV,North Las Vegas,
2600:1011:a010::/44,US,US-NV,North Las Vegas,
2600:1011:a03c::/48,US,US-NV,North Las Vegas,
2600:1011:a03d::/48,US,US-NV,North Las Vegas,
2600:1011:a03e::/48,US,US-NV,North Las Vegas,
2600:1011:a03f::/48,US,US-NV,North Las Vegas,
2600:1011:a100::/44,US,US-AZ,Tempe,
2600:1011:a110::/44,US,US-AZ,Tempe,
2600:1011:a120::/44,US,US-AZ,Tempe,
2600:1011:a18a::/48,US,US-AZ,Tempe,
2600:1011:a18b::/48,US,US-AZ,Tempe,
2600:1011:a18c::/48,US,US-AZ,Tempe,
2600:1011:a18d::/48,US,US-AZ,Tempe,
2600:1011:a18e::/48,US,US-AZ,Tempe,
2600:1011:a18f::/48,US,US-AZ,Tempe,
2600:1011:b000::/44,US,US-NV,North Las Vegas,
2600:1011:b010::/44,US,US-NV,North Las Vegas,
2600:1011:b020::/44,US,US-NV,North Las Vegas,
2600:1011:b030::/44,US,US-NV,North Las Vegas,
2600:1011:b040::/44,US,US-NV,North Las Vegas,
2600:1011:b050::/44,US,US-NV,North Las Vegas,
2600:1011:b060::/44,US,US-NV,North Las Vegas,
2600:1011:b070::/45,US,US-NV,North Las Vegas,
2600:1011:b078::/45,US,US-NV,North Las Vegas,
2600:1011:b080::/48,US,US-NV,North Las Vegas,
2600:1011:b088::/45,US,US-NV,North Las Vegas,
2600:1011:b090::/44,US,US-NV,North Las Vegas,
2600:1011:b0c0::/44,US,US-NV,North Las Vegas,
2600:1011:b0d0::/44,US,US-NV,North Las Vegas,
2600:1011:b0e0::/44,US,US-NV,North Las Vegas,
2600:1011:b100::/44,US,US-AZ,Tempe,
2600:1011:b110::/44,US,US-AZ,Tempe,
2600:1011:b120::/44,US,US-AZ,Tempe,
2600:1011:b130::/44,US,US-AZ,Tempe,
2600:1011:b140::/44,US,US-AZ,Tempe,
2600:1011:b150::/44,US,US-AZ,Tempe,
2600:1011:b160::/44,US,US-AZ,Tempe,
2600:1011:b170::/44,US,US-AZ,Tempe,
2600:1011:b180::/45,US,US-AZ,Tempe,
2600:1011:b188::/45,US,US-AZ,Tempe,
2600:1011:b190::/44,US,US-AZ,Tempe,
2600:1011:b1a0::/44,US,US-AZ,Tempe,
2600:1011:b1b0::/44,US,US-AZ,Tempe,
2600:1011:b1c1::/48,US,US-AZ,Tempe,
2600:1011:b1c8::/45,US,US-AZ,Tempe,
2600:1011:b1d0::/44,US,US-AZ,Tempe,
2600:1011:b1e0::/44,US,US-AZ,Tempe,
2600:1011:b300::/44,US,US-AZ,Tempe,
2600:1011:b310::/44,US,US-AZ,Tempe,
2600:1011:b320::/44,US,US-AZ,Tempe,
2600:1011:b330::/45,US,US-AZ,Tempe,
2600:1011:b338::/45,US,US-AZ,Tempe,
2600:1011:b340::/44,US,US-AZ,Tempe,
2600:1011:b350::/44,US,US-AZ,Tempe,
2600:1011:b360::/45,US,US-AZ,Tempe,
2600:1012:a000::/44,US,US-CA,Azusa,
2600:1012:a010::/44,US,US-CA,Azusa,
2600:1012:a021::/48,US,US-CA,Azusa,
2600:1012:a022::/48,US,US-CA,Azusa,
2600:1012:a023::/48,US,US-CA,Azusa,
2600:1012:a024::/48,US,US-CA,Azusa,
2600:1012:a026::/48,US,US-CA,Azusa,
2600:1012:a100::/44,US,US-CA,Vista,
2600:1012:a110::/44,US,US-CA,Vista,
2600:1012:a121::/48,US,US-CA,Vista,
2600:1012:a122::/48,US,US-CA,Vista,
2600:1012:a123::/48,US,US-CA,Vista,
2600:1012:a124::/48,US,US-CA,Vista,
2600:1012:a126::/48,US,US-CA,Vista,
2600:1012:a130::/44,US,US-CA,Vista,
2600:1012:b000::/44,US,US-CA,Azusa,
2600:1012:b010::/44,US,US-CA,Azusa,
2600:1012:b020::/44,US,US-CA,Azusa,
2600:1012:b030::/44,US,US-CA,Azusa,
2600:1012:b040::/44,US,US-CA,Azusa,
2600:1012:b050::/44,US,US-CA,Azusa,
2600:1012:b060::/44,US,US-CA,Azusa,
2600:1012:b090::/45,US,US-CA,Azusa,
2600:1012:b098::/45,US,US-CA,Azusa,
2600:1012:b0a0::/44,US,US-CA,Azusa,
2600:1012:b0b0::/45,US,US-CA,Azusa,
2600:1012:b0bd::/48,US,US-CA,Azusa,
2600:1012:b0be::/48,US,US-CA,Azusa,
2600:1012:b0c0::/44,US,US-CA,Azusa,
2600:1012:b0d0::/44,US,US-CA,Azusa,
2600:1012:b0e0::/44,US,US-CA,Azusa,
2600:1012:b100::/44,US,US-CA,Vista,
2600:1012:b110::/44,US,US-CA,Vista,
2600:1012:b120::/44,US,US-CA,Vista,
2600:1012:b138::/45,US,US-CA,Vista,
2600:1012:b140::/44,US,US-CA,Vista,
2600:1012:b150::/44,US,US-CA,Vista,
2600:1012:b160::/44,US,US-CA,Vista,
2600:1012:b180::/44,US,US-CA,Vista,
2600:1012:b190::/44,US,US-CA,Vista,
2600:1012:b1a0::/44,US,US-CA,Vista,
2600:1012:b1b0::/44,US,US-CA,Vista,
2600:1012:b1c0::/44,US,US-CA,Vista,
2600:1012:b1d0::/44,US,US-CA,Vista,
2600:1012:b1e0::/44,US,US-CA,Vista,
2600:1012:b200::/44,US,US-CA,Azusa,
2600:1012:b210::/45,US,US-CA,Azusa,
2600:1012:b218::/45,US,US-CA,Azusa,
2600:1012:b220::/44,US,US-CA,Azusa,
2600:1012:b300::/44,US,US-CA,Vista,
2600:1012:b310::/44,US,US-CA,Vista,
2600:1012:b320::/44,US,US-CA,Vista,
2600:1012:b330::/48,US,US-CA,Vista,
2600:1012:b331::/48,US,US-CA,Vista,
2600:1012:b338::/45,US,US-CA,Vista,
2600:1012:b340::/44,US,US-CA,Vista,
2600:1012:b350::/45,US,US-CA,Vista,
2600:1012:b358::/45,US,US-CA,Vista,
2600:1012:b360::/44,US,US-CA,Vista,
2600:1013:a000::/44,US,US-HI,Mililani,
2600:1013:a010::/48,US,US-HI,Mililani,
2600:1013:b000::/44,US,US-HI,Mililani,
2600:1013:b010::/44,US,US-HI,Mililani,
2600:1013:b020::/44,US,US-HI,Mililani,
2600:1013:b030::/44,US,US-HI,Mililani,
2600:1013:b040::/48,US,US-HI,Mililani,
2600:1013:b0d0::/44,US,US-HI,Mililani,
2600:1014:a000::/44,US,US-MN,Bloomington,
2600:1014:a010::/44,US,US-MN,Bloomington,
2600:1014:a020::/48,US,US-MN,Bloomington,
2600:1014:a021::/48,US,US-MN,Bloomington,
2600:1014:a022::/48,US,US-MN,Bloomington,
2600:1014:a023::/48,US,US-MN,Bloomington,
2600:1014:a100::/44,US,US-NE,Omaha,
2600:1014:a110::/48,US,US-NE,Omaha,
2600:1014:a111::/48,US,US-NE,Omaha,
2600:1014:a112::/48,US,US-NE,Omaha,
2600:1014:a113::/48,US,US-NE,Omaha,
2600:1014:a120::/44,US,US-NE,Omaha,
2600:1014:b000::/44,US,US-MN,Bloomington,
2600:1014:b010::/44,US,US-MN,Bloomington,
2600:1014:b020::/44,US,US-MN,Bloomington,
2600:1014:b030::/45,US,US-MN,Bloomington,
2600:1014:b038::/45,US,US-MN,Bloomington,
2600:1014:b040::/44,US,US-MN,Bloomington,
2600:1014:b050::/44,US,US-MN,Bloomington,
2600:1014:b060::/44,US,US-MN,Bloomington,
2600:1014:b070::/44,US,US-MN,Bloomington,
2600:1014:b080::/44,US,US-MN,Bloomington,
2600:1014:b090::/45,US,US-MN,Bloomington,
2600:1014:b098::/48,US,US-MN,Bloomington,
2600:1014:b0a0::/44,US,US-MN,Bloomington,
2600:1014:b0b0::/45,US,US-MN,Bloomington,
2600:1014:b0c0::/44,US,US-MN,Bloomington,
2600:1014:b0d0::/44,US,US-MN,Bloomington,
2600:1014:b0e0::/44,US,US-MN,Bloomington,
2600:1014:b100::/44,US,US-NE,Omaha,
2600:1014:b110::/44,US,US-NE,Omaha,
2600:1014:b120::/44,US,US-NE,Omaha,
2600:1014:b130::/45,US,US-NE,Omaha,
2600:1014:b138::/45,US,US-NE,Omaha,
2600:1014:b140::/44,US,US-NE,Omaha,
2600:1014:b150::/44,US,US-NE,Omaha,
2600:1014:b160::/44,US,US-NE,Omaha,
2600:1014:b170::/44,US,US-NE,Omaha,
2600:1014:b180::/44,US,US-NE,Omaha,
2600:1014:b190::/45,US,US-NE,Omaha,
2600:1014:b198::/48,US,US-NE,Omaha,
2600:1014:b1a0::/44,US,US-NE,Omaha,
2600:1014:b1d0::/44,US,US-NE,Omaha,
2600:1014:b1e0::/44,US,US-NE,Omaha,
2600:1014:b300::/44,US,US-NE,Omaha,
2600:1014:b310::/45,US,US-NE,Omaha,
2600:1015:a000::/44,US,US-IN,Indianapolis,
2600:1015:a010::/44,US,US-IN,Indianapolis,
2600:1015:a020::/44,US,US-IN,Indianapolis,
2600:1015:a030::/48,US,US-IN,Indianapolis,
2600:1015:a031::/48,US,US-IN,Indianapolis,
2600:1015:a032::/48,US,US-IN,Indianapolis,
2600:1015:a110::/44,US,US-IN,Indianapolis,
2600:1015:a120::/48,US,US-IN,Indianapolis,
2600:1015:a121::/48,US,US-IN,Indianapolis,
2600:1015:a122::/48,US,US-IN,Indianapolis,
2600:1015:b000::/44,US,US-IN,Indianapolis,
2600:1015:b010::/44,US,US-IN,Indianapolis,
2600:1015:b020::/44,US,US-IN,Indianapolis,
2600:1015:b030::/44,US,US-IN,Indianapolis,
2600:1015:b040::/44,US,US-IN,Indianapolis,
2600:1015:b050::/44,US,US-IN,Indianapolis,
2600:1015:b060::/44,US,US-IN,Indianapolis,
2600:1015:b070::/45,US,US-IN,Indianapolis,
2600:1015:b078::/45,US,US-IN,Indianapolis,
2600:1015:b080::/44,US,US-IN,Indianapolis,
2600:1015:b090::/44,US,US-IN,Indianapolis,
2600:1015:b0a0::/44,US,US-IN,Indianapolis,
2600:1015:b0b0::/44,US,US-IN,Indianapolis,
2600:1015:b0c0::/47,US,US-IN,Indianapolis,
2600:1015:b0c2::/48,US,US-IN,Indianapolis,
2600:1015:b0c8::/45,US,US-IN,Indianapolis,
2600:1015:b0d0::/44,US,US-IN,Indianapolis,
2600:1015:b0e0::/44,US,US-IN,Indianapolis,
2600:1015:b100::/44,US,US-IN,Indianapolis,
2600:1015:b110::/44,US,US-IN,Indianapolis,
2600:1015:b120::/44,US,US-IN,Indianapolis,
2600:1015:b130::/44,US,US-IN,Indianapolis,
2600:1015:b140::/44,US,US-IN,Indianapolis,
2600:1015:b150::/44,US,US-IN,Indianapolis,
2600:1015:b1c0::/45,US,US-IN,Indianapolis,
2600:1015:b1c8::/45,US,US-IN,Indianapolis,
2600:1015:b1d0::/44,US,US-IN,Indianapolis,
2600:1015:b1e0::/45,US,US-IN,Indianapolis,
2600:1015:b1e8::/48,US,US-IN,Indianapolis,
2600:1015:b200::/44,US,US-IN,Indianapolis,
2600:1015:b210::/44,US,US-IN,Indianapolis,
2600:1015:b220::/45,US,US-IN,Indianapolis,
2600:1015:b230::/44,US,US-IN,Indianapolis,
2600:1016:a000::/44,US,US-PA,Bridgeville,
2600:1016:a010::/48,US,US-PA,Bridgeville,
2600:1016:a011::/48,US,US-PA,Bridgeville,
2600:1016:a012::/48,US,US-PA,Bridgeville,
2600:1016:a100::/44,US,US-PA,Johnstown,
2600:1016:a110::/48,US,US-PA,Johnstown,
2600:1016:a111::/48,US,US-PA,Johnstown,
2600:1016:a112::/48,US,US-PA,Johnstown,
2600:1016:b000::/44,US,US-PA,Bridgeville,
2600:1016:b010::/44,US,US-PA,Bridgeville,
2600:1016:b020::/44,US,US-PA,Bridgeville,
2600:1016:b030::/44,US,US-PA,Bridgeville,
2600:1016:b040::/44,US,US-PA,Bridgeville,
2600:1016:b070::/45,US,US-PA,Bridgeville,
2600:1016:b078::/45,US,US-PA,Bridgeville,
2600:1016:b0c0::/48,US,US-PA,Bridgeville,
2600:1016:b0c1::/48,US,US-PA,Bridgeville,
2600:1016:b0c8::/45,US,US-PA,Bridgeville,
2600:1016:b0d0::/44,US,US-PA,Bridgeville,
2600:1016:b0e0::/44,US,US-PA,Bridgeville,
2600:1016:b100::/44,US,US-PA,Johnstown,
2600:1016:b110::/44,US,US-PA,Johnstown,
2600:1016:b120::/44,US,US-PA,Johnstown,
2600:1016:b130::/44,US,US-PA,Johnstown,
2600:1016:b140::/45,US,US-PA,Johnstown,
2600:1016:b148::/48,US,US-PA,Johnstown,
2600:1016:b149::/48,US,US-PA,Johnstown,
2600:1016:b150::/44,US,US-PA,Johnstown,
2600:1016:b160::/44,US,US-PA,Johnstown,
2600:1016:b1c0::/45,US,US-PA,Johnstown,
2600:1016:b1c8::/45,US,US-PA,Johnstown,
2600:1016:b1d0::/44,US,US-PA,Johnstown,
2600:1017:a000::/44,US,US-NY,East Syracuse,
2600:1017:a010::/48,US,US-NY,East Syracuse,
2600:1017:a013::/48,US,US-NY,East Syracuse,
2600:1017:a100::/44,US,US-NY,Rochester,
2600:1017:a110::/48,US,US-NY,Rochester,
2600:1017:a113::/48,US,US-NY,Rochester,
2600:1017:a400::/44,US,US-NY,Farmingdale,
2600:1017:a410::/48,US,US-NY,Farmingdale,
2600:1017:a411::/48,US,US-NY,Farmingdale,
2600:1017:a412::/48,US,US-NY,Farmingdale,
2600:1017:a800::/44,US,US-NY,Yonkers,
2600:1017:a8fd::/48,US,US-NY,Yonkers,
2600:1017:a8fe::/48,US,US-NY,Yonkers,
2600:1017:a8ff::/48,US,US-NY,Yonkers,
2600:1017:b000::/44,US,US-NY,East Syracuse,
2600:1017:b010::/44,US,US-NY,East Syracuse,
2600:1017:b020::/44,US,US-NY,East Syracuse,
2600:1017:b040::/44,US,US-NY,East Syracuse,
2600:1017:b050::/48,US,US-NY,East Syracuse,
2600:1017:b0b0::/44,US,US-NY,East Syracuse,
2600:1017:b0c0::/45,US,US-NY,East Syracuse,
2600:1017:b0c8::/45,US,US-NY,East Syracuse,
2600:1017:b0d0::/44,US,US-NY,East Syracuse,
2600:1017:b100::/44,US,US-NY,Rochester,
2600:1017:b110::/44,US,US-NY,Rochester,
2600:1017:b120::/44,US,US-NY,Rochester,
2600:1017:b140::/44,US,US-NY,Rochester,
2600:1017:b150::/45,US,US-NY,Rochester,
2600:1017:b1c0::/48,US,US-NY,Rochester,
2600:1017:b1d0::/44,US,US-NY,Rochester,
2600:1017:b400::/44,US,US-NY,Farmingdale,
2600:1017:b410::/44,US,US-NY,Farmingdale,
2600:1017:b420::/44,US,US-NY,Farmingdale,
2600:1017:b430::/44,US,US-NY,Farmingdale,
2600:1017:b480::/44,US,US-NY,Farmingdale,
2600:1017:b490::/45,US,US-NY,Farmingdale,
2600:1017:b498::/45,US,US-NY,Farmingdale,
2600:1017:b4a0::/44,US,US-NY,Farmingdale,
2600:1017:b4b0::/44,US,US-NY,Farmingdale,
2600:1017:b4c0::/45,US,US-NY,Farmingdale,
2600:1017:b4c8::/45,US,US-NY,Farmingdale,
2600:1017:b4d0::/44,US,US-NY,Farmingdale,
2600:1017:b4ff::/48,US,US-NY,Farmingdale,
2600:1017:b800::/44,US,US-NY,Yonkers,
2600:1017:b810::/44,US,US-NY,Yonkers,
2600:1017:b820::/44,US,US-NY,Yonkers,
2600:1017:b830::/44,US,US-NY,Yonkers,
2600:1017:b8b0::/44,US,US-NY,Yonkers,
2600:1017:b8c0::/45,US,US-NY,Yonkers,
2600:1017:b8c8::/45,US,US-NY,Yonkers,
2600:1017:b8d0::/44,US,US-NY,Yonkers,
2600:1017:b8e0::/44,US,US-NY,Yonkers,
2600:1017:b8f0::/45,US,US-NY,Yonkers,
2600:1017:b8ff::/48,US,US-NY,Yonkers,
63.40.0.0/16,US,US-PA,Plymouth Meeting,
63.41.0.0/16,US,US-TX,Euless,
63.42.0.0/16,US,US-CA,Sunnyvale,
63.43.0.0/16,US,US-IL,Hickory Hills,
63.44.0.0/16,US,US-PA,Plymouth Meeting,
63.45.0.0/16,US,US-IL,Hickory Hills,
63.46.0.0/17,US,US-TX,Euless,
63.46.128.0/17,US,US-CA,Sunnyvale,
63.47.0.0/17,US,US-TX,Euless,
63.47.128.0/17,US,US-PA,Plymouth Meeting,
72.104.0.0/21,US,US-CT,Windsor,
72.104.104.0/21,US,US-FL,Orlando,
72.104.112.0/21,US,US-CA,Vista,
72.104.120.0/21,US,US-CA,Azusa,
72.104.128.0/21,US,US-NJ,Wall Township,
72.104.136.0/21,US,US-VA,Chantilly,
72.104.144.0/21,US,US-TN,Whites Creek,
72.104.152.0/21,US,US-OH,Cincinnati,
72.104.16.0/21,US,US-OK,Tulsa,
72.104.160.0/21,US,US-TX,Euless,
72.104.168.0/21,US,US-OH,Columbus,
72.104.176.0/21,US,US-CA,Sunnyvale,
72.104.184.0/21,US,US-WA,Redmond,
72.104.192.0/21,US,US-MD,Annapolis Junction,
72.104.200.0/21,US,US-VA,Chantilly,
72.104.208.0/21,US,US-IN,Indianapolis,
72.104.216.0/21,US,US-PA,Bridgeville,
72.104.224.0/21,US,US-NE,Omaha,
72.104.232.0/21,US,US-NE,Omaha,
72.104.24.0/21,US,US-TN,Arlington,
72.104.240.0/21,US,US-WI,New Berlin,
72.104.248.0/21,US,US-WI,New Berlin,
72.104.32.0/21,US,US-PA,Bridgeville,
72.104.40.0/21,US,US-PA,Johnstown,
72.104.48.0/21,US,US-MD,Annapolis Junction,
72.104.56.0/21,US,US-NC,Charlotte,
72.104.64.0/21,US,US-MI,Southfield,
72.104.72.0/21,US,US-UT,West Jordan,
72.104.8.0/21,US,US-DE,New Castle,
72.104.80.0/21,US,US-MI,Westland,
72.104.88.0/21,US,US-AZ,Tempe,
72.104.96.0/21,US,US-NY,East Syracuse,
72.105.0.0/21,US,US-TN,Whites Creek,
72.105.104.0/21,US,US-MN,Bloomington,
72.105.112.0/21,US,US-MO,St. Louis,
72.105.120.0/21,US,US-CA,Rocklin,
72.105.128.0/21,US,US-MI,Westland,
72.105.136.0/21,US,US-CA,Sunnyvale,
72.105.144.0/21,US,US-CA,Rocklin,
72.105.152.0/21,US,US-TX,Euless,
72.105.16.0/21,US,US-MA,Westborough,
72.105.160.0/21,US,US-TX,Schertz,
72.105.168.0/21,US,US-IN,Indianapolis,
72.105.176.0/21,US,US-IN,Indianapolis,
72.105.184.0/23,US,US-FL,Pembroke Pines,
72.105.186.0/23,US,US-FL,Pembroke Pines,
72.105.188.0/23,US,US-FL,Pembroke Pines,
72.105.190.0/23,US,US-FL,Pembroke Pines,
72.105.192.0/21,US,US-OH,Columbus,
72.105.200.0/21,US,US-IL,Hickory Hills,
72.105.208.0/21,US,US-LA,Baton Rouge,
72.105.216.0/21,US,US-AL,Birmingham,
72.105.224.0/21,US,US-CA,Vista,
72.105.232.0/21,US,US-TX,Houston,
72.105.24.0/21,US,US-PA,Plymouth Meeting,
72.105.240.0/21,US,US-MD,Annapolis Junction,
72.105.248.0/21,US,US-NJ,Branchburg,
72.105.32.0/21,US,US-NC,Charlotte,
72.105.40.0/21,US,US-GA,Alpharetta,
72.105.48.0/21,US,US-MI,Southfield,
72.105.56.0/21,US,US-IL,Hickory Hills,
72.105.64.0/21,US,US-CO,Aurora,
72.105.72.0/21,US,US-TN,Whites Creek,
72.105.8.0/21,US,US-OH,Cincinnati,
72.105.80.0/21,US,US-TN,Arlington,
72.105.88.0/21,US,US-CA,Azusa,
72.105.96.0/21,US,US-KS,Lenexa,
72.106.0.0/21,US,US-NV,North Las Vegas,
72.106.104.0/21,US,US-AL,Birmingham,
72.106.112.0/21,US,US-NY,Rochester,
72.106.120.0/22,US,US-NY,Farmingdale,
72.106.124.0/22,US,US-NY,Yonkers,
72.106.128.0/20,US,US-MN,Bloomington,
72.106.144.0/21,US,US-TN,Whites Creek,
72.106.152.0/21,US,US-TN,Whites Creek,
72.106.16.0/21,US,US-KS,Lenexa,
72.106.160.0/20,US,US-MI,Southfield,
72.106.176.0/22,US,US-VA,Richmond,
72.106.180.0/22,US,US-VA,Roanoke,
72.106.184.0/21,US,US-MA,Westborough,
72.106.192.0/22,US,US-DE,New Castle,
72.106.196.0/23,US,US-FL,Pembroke Pines,
72.106.198.0/23,US,US-CA,Vista,
72.106.200.0/21,US,US-NE,Omaha,
72.106.208.0/21,US,US-OH,Columbus,
72.106.216.0/21,US,US-OH,Cincinnati,
72.106.224.0/21,US,US-NC,Charlotte,
72.106.232.0/21,US,US-NC,Charlotte,
72.106.24.0/21,US,US-MN,Bloomington,
72.106.240.0/21,US,US-IL,Hickory Hills,
72.106.248.0/21,US,US-IL,Hickory Hills,
72.106.32.0/21,US,US-PA,Johnstown,
72.106.40.0/21,US,US-GA,Alpharetta,
72.106.48.0/21,US,US-WA,Redmond,
72.106.56.0/21,US,US-IN,Indianapolis,
72.106.64.0/20,US,US-TX,Euless,
72.106.8.0/21,US,US-OR,Hillsboro,
72.106.80.0/20,US,US-VA,Chantilly,
72.106.96.0/21,US,US-AL,Birmingham,
72.107.0.0/21,US,US-WI,New Berlin,
72.107.104.0/21,US,US-OH,Cincinnati,
72.107.112.0/20,US,US-MO,St. Louis,
72.107.128.0/20,US,US-MI,Westland,
72.107.144.0/21,US,US-CA,Rocklin,
72.107.152.0/22,US,US-VA,Roanoke,
72.107.156.0/22,US,US-VA,Roanoke,
72.107.16.0/21,US,US-NV,North Las Vegas,
72.107.160.0/22,US,US-VA,Richmond,
72.107.164.0/22,US,US-VA,Richmond,
72.107.168.0/22,US,US-MI,Westland,
72.107.172.0/22,US,US-AZ,Tempe,
72.107.176.0/23,US,US-UT,West Jordan,
72.107.180.0/22,US,US-PA,Bridgeville,
72.107.184.0/21,US,US-WA,Redmond,
72.107.192.0/21,US,US-TX,Schertz,
72.107.200.0/21,US,US-TX,Schertz,
72.107.208.0/21,US,US-OR,Hillsboro,
72.107.216.0/21,US,US-CO,Aurora,
72.107.224.0/21,US,US-UT,West Jordan,
72.107.232.0/21,US,US-OR,Hillsboro,
72.107.24.0/21,US,US-AZ,Tempe,
72.107.240.0/21,US,US-TX,Houston,
72.107.248.0/21,US,US-TX,Houston,
72.107.32.0/21,US,US-CA,Rocklin,
72.107.40.0/21,US,US-CA,Rocklin,
72.107.48.0/20,US,US-KS,Lenexa,
72.107.64.0/22,US,US-MI,Southfield,
72.107.68.0/22,US,US-FL,Orlando,
72.107.72.0/22,US,US-FL,Orlando,
72.107.76.0/22,US,US-VA,Roanoke,
72.107.8.0/21,US,US-WI,New Berlin,
72.107.80.0/21,US,US-HI,Mililani,
72.107.88.0/21,US,US-TX,Houston,
72.107.96.0/21,US,US-LA,Baton Rouge,
72.108.0.0/21,US,US-LA,Baton Rouge,
72.108.102.0/24,US,US-PA,Plymouth Meeting,
72.108.105.0/24,US,US-CA,Sunnyvale,
72.108.106.0/24,US,US-CA,Sunnyvale,
72.108.107.0/24,US,US-GA,Alpharetta,
72.108.108.0/24,US,US-GA,Alpharetta,
72.108.109.0/24,US,US-GA,Alpharetta,
72.108.110.0/24,US,US-GA,Alpharetta,
72.108.111.0/24,US,US-PA,Plymouth Meeting,
72.108.112.0/24,US,US-UT,West Jordan,
72.108.113.0/24,US,US-WA,Redmond,
72.108.114.0/24,US,US-WA,Redmond,
72.108.120.0/21,US,US-TX,Euless,
72.108.128.0/21,US,US-TX,Euless,
72.108.136.0/22,US,US-TX,Schertz,
72.108.140.0/22,US,US-TX,Schertz,
72.108.144.0/22,US,US-NC,Charlotte,
72.108.148.0/22,US,US-NC,Charlotte,
72.108.152.0/22,US,US-PA,Plymouth Meeting,
72.108.158.0/24,US,US-UT,West Jordan,
72.108.159.0/24,US,US-UT,West Jordan,
72.108.16.0/21,US,US-IN,Indianapolis,
72.108.160.0/24,US,US-OR,Hillsboro,
72.108.161.0/24,US,US-OR,Hillsboro,
72.108.162.0/24,US,US-NE,Omaha,
72.108.163.0/24,US,US-NE,Omaha,
72.108.164.0/24,US,US-CO,Aurora,
72.108.165.0/24,US,US-CO,Aurora,
72.108.168.0/24,US,US-NC,Charlotte,
72.108.169.0/24,US,US-NC,Charlotte,
72.108.170.0/23,US,US-NE,Omaha,
72.108.172.0/24,US,US-MN,Bloomington,
72.108.173.0/24,US,US-MN,Bloomington,
72.108.174.0/24,US,US-KS,Lenexa,
72.108.175.0/24,US,US-KS,Lenexa,
72.108.176.0/22,US,US-MD,Annapolis Junction,
72.108.180.0/22,US,US-VA,Chantilly,
72.108.184.0/22,US,US-NY,Farmingdale,
72.108.188.0/22,US,US-NY,Yonkers,
72.108.192.0/20,US,US-PA,Johnstown,
72.108.208.0/22,US,US-FL,Pembroke Pines,
72.108.212.0/22,US,US-FL,Pembroke Pines,
72.108.216.0/22,US,US-NE,Omaha,
72.108.220.0/22,US,US-GA,Alpharetta,
72.108.224.0/21,US,US-FL,Orlando,
72.108.232.0/21,US,US-FL,Orlando,
72.108.24.0/21,US,US-IN,Indianapolis,
72.108.240.0/20,US,US-FL,Pembroke Pines,
72.108.32.0/22,US,US-NC,Charlotte,
72.108.52.0/23,US,US-MO,St. Louis,
72.108.54.0/23,US,US-MO,St. Louis,
72.108.56.0/21,US,US-CT,Windsor,
72.108.65.0/24,US,US-CA,Vista,
72.108.66.0/24,US,US-CA,Vista,
72.108.67.0/24,US,US-CA,Vista,
72.108.68.0/24,US,US-TX,Euless,
72.108.69.0/24,US,US-TX,Euless,
72.108.72.0/24,US,US-TX,Schertz,
72.108.75.0/24,US,US-NY,Farmingdale,
72.108.79.0/24,US,US-TX,Schertz,
72.108.8.0/21,US,US-LA,Baton Rouge,
72.108.84.0/23,US,US-MI,Southfield,
72.108.86.0/23,US,US-MI,Southfield,
72.108.92.0/24,US,US-NC,Charlotte,
72.108.93.0/24,US,US-NC,Charlotte,
72.108.94.0/24,US,US-NC,Charlotte,
72.108.95.0/24,US,US-NC,Charlotte,
72.108.96.0/22,US,US-DE,New Castle,
72.109.0.0/21,US,US-OH,Columbus,
72.109.128.0/20,US,US-NC,Charlotte,
72.109.144.0/20,US,US-NC,Charlotte,
72.109.16.0/20,US,US-DE,New Castle,
72.109.160.0/20,US,US-PA,Plymouth Meeting,
72.109.176.0/21,US,US-GA,Alpharetta,
72.109.184.0/21,US,US-GA,Alpharetta,
72.109.192.0/18,US,US-TX,Euless,
72.109.40.0/22,US,US-NC,Charlotte,
72.109.44.0/23,US,US-KS,Lenexa,
72.109.46.0/23,US,US-CA,Sunnyvale,
72.109.48.0/20,US,US-NC,Charlotte,
72.109.64.0/19,US,US-CA,Azusa,
72.109.8.0/21,US,US-AL,Birmingham,
72.109.96.0/19,US,US-CA,Azusa,
72.110.0.0/18,US,US-TX,Euless,
72.110.128.0/18,US,US-OH,Cincinnati,
72.110.192.0/18,US,US-OH,Cincinnati,
72.110.64.0/19,US,US-CA,Sunnyvale,
72.110.96.0/19,US,US-CA,Sunnyvale,
72.111.0.0/19,US,US-AZ,Tempe,
72.111.128.0/22,US,US-CA,Vista,
72.111.132.0/23,US,US-CO,Aurora,
72.111.134.0/23,US,US-OR,Hillsboro,
72.111.136.0/24,US,US-PA,Plymouth Meeting,
72.111.137.0/24,US,US-CO,Aurora,
72.111.138.0/23,US,US-TX,Euless,
72.111.140.0/22,US,US-CO,Aurora,
72.111.144.0/23,US,US-TX,Schertz,
72.111.146.0/23,US,US-MN,Bloomington,
72.111.148.0/22,US,US-CA,Azusa,
72.111.152.0/23,US,US-NY,East Syracuse,
72.111.154.0/23,US,US-NY,East Syracuse,
72.111.156.0/22,US,US-GA,Alpharetta,
72.111.160.0/20,US,US-WA,Redmond,
72.111.176.0/21,US,US-CT,Windsor,
72.111.184.0/21,US,US-MI,Southfield,
72.111.208.0/21,US,US-TN,Whites Creek,
72.111.216.0/22,US,US-CA,Vista,
72.111.220.0/22,US,US-NC,Charlotte,
72.111.224.0/21,US,US-IN,Indianapolis,
72.111.232.0/21,US,US-CA,Vista,
72.111.240.0/20,US,US-TN,Whites Creek,
72.111.32.0/19,US,US-AZ,Tempe,
72.111.64.0/19,US,US-CA,Vista,
72.111.96.0/19,US,US-CA,Vista,
75.192.0.0/18,US,US-IN,Indianapolis,
75.192.128.0/19,US,US-DE,New Castle,
75.192.160.0/19,US,US-DE,New Castle,
75.192.192.0/20,US,US-MA,Westborough,
75.192.208.0/20,US,US-MA,Westborough,
75.192.224.0/19,US,US-NY,East Syracuse,
75.192.64.0/18,US,US-IN,Indianapolis,
75.194.0.0/19,US,US-IL,Hickory Hills,
75.194.128.0/19,US,US-CA,Rocklin,
75.194.160.0/19,US,US-CA,Rocklin,
75.194.192.0/20,US,US-CA,Rocklin,
75.194.208.0/20,US,US-MD,Annapolis Junction,
75.194.224.0/19,US,US-MD,Annapolis Junction,
75.194.32.0/19,US,US-IL,Hickory Hills,
75.194.64.0/19,US,US-FL,Orlando,
75.194.96.0/19,US,US-FL,Orlando,
75.195.0.0/17,US,US-IL,Hickory Hills,
75.195.128.0/18,US,US-HI,Mililani,
75.195.192.0/19,US,US-WI,New Berlin,
75.195.224.0/19,US,US-WI,New Berlin,
75.196.0.0/16,US,US-WI,New Berlin,
75.197.0.0/19,US,US-PA,Plymouth Meeting,
75.197.128.0/18,US,US-NY,Farmingdale,
75.197.192.0/19,US,US-NY,Yonkers,
75.197.224.0/22,US,US-NE,Omaha,
75.197.228.0/22,US,US-PA,Plymouth Meeting,
75.197.232.0/22,US,US-OR,Hillsboro,
75.197.236.0/22,US,US-NC,Charlotte,
75.197.240.0/20,US,US-WI,New Berlin,
75.197.32.0/21,US,US-AL,Birmingham,
75.197.40.0/22,US,US-MI,Westland,
75.197.44.0/22,US,US-MN,Bloomington,
75.197.48.0/20,US,US-NJ,Wall Township,
75.197.64.0/18,US,US-MI,Westland,
75.198.0.0/21,US,US-OH,Columbus,
75.198.12.0/22,US,US-OH,Cincinnati,
75.198.128.0/18,US,US-CA,Rocklin,
75.198.16.0/21,US,US-OH,Cincinnati,
75.198.192.0/18,US,US-CA,Rocklin,
75.198.24.0/21,US,US-IN,Indianapolis,
75.198.32.0/20,US,US-IN,Indianapolis,
75.198.48.0/20,US,US-IN,Indianapolis,
75.198.8.0/22,US,US-OH,Columbus,
75.201.0.0/18,US,US-FL,Pembroke Pines,
75.201.128.0/17,US,US-TN,Arlington,
75.201.64.0/18,US,US-FL,Pembroke Pines,
75.202.0.0/16,US,US-OR,Hillsboro,
75.203.0.0/17,US,US-NJ,Wall Township,
75.203.128.0/19,US,US-UT,West Jordan,
75.203.160.0/19,US,US-CO,Aurora,
75.203.192.0/20,US,US-CO,Aurora,
75.203.208.0/20,US,US-NJ,Branchburg,
75.204.0.0/18,US,US-AZ,Tempe,
75.204.128.0/19,US,US-CA,Vista,
75.204.160.0/19,US,US-CA,Vista,
75.204.192.0/19,US,US-MI,Southfield,
75.204.224.0/19,US,US-MI,Southfield,
75.204.64.0/18,US,US-AZ,Tempe,
75.205.0.0/21,US,US-GA,Alpharetta,
75.205.112.0/20,US,US-NE,Omaha,
75.205.128.0/22,US,US-NE,Omaha,
75.205.132.0/22,US,US-CA,Azusa,
75.205.136.0/21,US,US-NC,Charlotte,
75.205.144.0/21,US,US-NC,Charlotte,
75.205.152.0/21,US,US-NC,Charlotte,
75.205.16.0/22,US,US-TX,Euless,
75.205.160.0/21,US,US-VA,Richmond,
75.205.168.0/21,US,US-NV,North Las Vegas,
75.205.176.0/21,US,US-GA,Alpharetta,
75.205.184.0/21,US,US-GA,Alpharetta,
75.205.192.0/21,US,US-CA,Rocklin,
75.205.20.0/22,US,US-TX,Schertz,
75.205.200.0/21,US,US-CA,Rocklin,
75.205.208.0/22,US,US-CA,Vista,
75.205.212.0/22,US,US-CA,Vista,
75.205.216.0/21,US,US-VA,Roanoke,
75.205.224.0/21,US,US-AZ,Tempe,
75.205.232.0/21,US,US-NV,North Las Vegas,
75.205.24.0/21,US,US-PA,Bridgeville,
75.205.240.0/22,US,US-NY,East Syracuse,
75.205.244.0/23,US,US-DE,New Castle,
75.205.246.0/23,US,US-PA,Plymouth Meeting,
75.205.248.0/22,US,US-DE,New Castle,
75.205.252.0/22,US,US-PA,Plymouth Meeting,
75.205.32.0/20,US,US-TX,Euless,
75.205.48.0/20,US,US-TX,Schertz,
75.205.64.0/21,US,US-OR,Hillsboro,
75.205.72.0/21,US,US-OH,Columbus,
75.205.8.0/21,US,US-AL,Birmingham,
75.205.80.0/21,US,US-OH,Cincinnati,
75.205.88.0/22,US,US-MN,Bloomington,
75.205.92.0/22,US,US-CA,Azusa,
75.205.96.0/20,US,US-MN,Bloomington,
75.206.0.0/16,US,US-FL,Orlando,
75.207.0.0/16,US,US-NC,Charlotte,
75.208.0.0/16,US,US-TN,Whites Creek,
75.209.0.0/18,US,US-OH,Columbus,
75.209.128.0/18,US,US-IL,Hickory Hills,
75.209.64.0/18,US,US-OH,Columbus,
75.210.0.0/16,US,US-IL,Hickory Hills,
75.211.0.0/18,US,US-WI,New Berlin,
75.211.160.0/21,US,US-WA,Redmond,
75.211.168.0/21,US,US-MO,St. Louis,
75.211.176.0/22,US,US-PA,Bridgeville,
75.211.180.0/22,US,US-CA,Sunnyvale,
75.211.184.0/21,US,US-KS,Lenexa,
75.211.192.0/18,US,US-IN,Indianapolis,
75.211.64.0/19,US,US-WI,New Berlin,
75.212.0.0/18,US,US-TX,Houston,
75.212.128.0/18,US,US-IL,Hickory Hills,
75.212.192.0/19,US,US-NE,Omaha,
75.212.224.0/19,US,US-TX,Schertz,
75.212.64.0/18,US,US-TX,Houston,
75.213.0.0/18,US,US-WA,Redmond,
75.213.128.0/19,US,US-MI,Southfield,
75.213.160.0/19,US,US-NE,Omaha,
75.213.192.0/18,US,US-NE,Omaha,
75.213.64.0/18,US,US-WA,Redmond,
75.214.0.0/17,US,US-NY,Farmingdale,
75.214.128.0/17,US,US-NY,Yonkers,
75.215.0.0/17,US,US-LA,Baton Rouge,
75.215.128.0/18,US,US-LA,Baton Rouge,
75.215.192.0/19,US,US-DE,New Castle,
75.215.224.0/21,US,US-DE,New Castle,
75.215.232.0/21,US,US-CA,Rocklin,
75.215.240.0/21,US,US-VA,Richmond,
75.215.248.0/21,US,US-OH,Cincinnati,
75.216.0.0/17,US,US-MA,Westborough,
75.216.160.0/20,US,US-FL,Orlando,
75.216.176.0/21,US,US-VA,Chantilly,
75.216.184.0/24,US,US-NC,Charlotte,
75.216.186.0/23,US,US-AL,Birmingham,
75.216.188.0/23,US,US-CA,Vista,
75.216.190.0/24,US,US-NC,Charlotte,
75.216.191.0/24,US,US-PA,Plymouth Meeting,
75.216.192.0/19,US,US-MI,Westland,
75.216.224.0/19,US,US-CO,Aurora,
75.217.0.0/17,US,US-TX,Houston,
75.217.128.0/18,US,US-TX,Houston,
75.217.192.0/18,US,US-MN,Bloomington,
75.218.0.0/16,US,US-CA,Sunnyvale,
75.219.0.0/17,US,US-NE,Omaha,
75.219.128.0/18,US,US-NE,Omaha,
75.219.192.0/19,US,US-MI,Southfield,
75.219.224.0/19,US,US-NY,Farmingdale,
75.220.0.0/16,US,US-FL,Pembroke Pines,
75.221.0.0/20,US,US-NE,Omaha,
75.221.128.0/19,US,US-IN,Indianapolis,
75.221.16.0/21,US,US-NE,Omaha,
75.221.160.0/19,US,US-IN,Indianapolis,
75.221.192.0/20,US,US-IN,Indianapolis,
75.221.208.0/20,US,US-IN,Indianapolis,
75.221.224.0/21,US,US-AZ,Tempe,
75.221.232.0/22,US,US-CA,Azusa,
75.221.236.0/22,US,US-NY,Farmingdale,
75.221.24.0/21,US,US-MN,Bloomington,
75.221.240.0/20,US,US-AL,Birmingham,
75.221.32.0/21,US,US-NJ,Branchburg,
75.221.40.0/21,US,US-NJ,Branchburg,
75.221.48.0/21,US,US-CA,Sunnyvale,
75.221.56.0/21,US,US-NV,North Las Vegas,
75.221.64.0/18,US,US-CA,Sunnyvale,
75.222.0.0/17,US,US-NV,North Las Vegas,
75.222.128.0/19,US,US-MN,Bloomington,
75.222.160.0/19,US,US-MN,Bloomington,
75.222.192.0/19,US,US-MI,Southfield,
75.222.224.0/19,US,US-TN,Arlington,
75.223.0.0/18,US,US-NV,North Las Vegas,
75.223.128.0/18,US,US-CA,Azusa,
75.223.192.0/18,US,US-CA,Azusa,
75.223.64.0/18,US,US-NV,North Las Vegas,
75.224.0.0/17,US,US-OK,Tulsa,
75.224.128.0/20,US,US-PA,Bridgeville,
75.224.144.0/21,US,US-MN,Bloomington,
75.224.152.0/21,US,US-MN,Bloomington,
75.224.160.0/19,US,US-CA,Azusa,
75.224.192.0/18,US,US-OH,Columbus,
75.225.0.0/17,US,US-CA,Azusa,
75.225.128.0/19,US,US-NC,Charlotte,
75.225.160.0/19,US,US-NC,Charlotte,
75.225.192.0/19,US,US-TN,Whites Creek,
75.225.224.0/20,US,US-NE,Omaha,
75.225.240.0/20,US,US-NE,Omaha,
75.226.0.0/19,US,US-PA,Bridgeville,
75.226.128.0/20,US,US-NV,North Las Vegas,
75.226.144.0/20,US,US-NV,North Las Vegas,
75.226.160.0/19,US,US-WA,Redmond,
75.226.192.0/19,US,US-TX,Schertz,
75.226.224.0/19,US,US-OK,Tulsa,
75.226.32.0/19,US,US-CA,Sunnyvale,
75.226.64.0/21,US,US-TX,Euless,
75.226.72.0/21,US,US-MI,Southfield,
75.226.80.0/21,US,US-WI,New Berlin,
75.226.88.0/22,US,US-MO,St. Louis,
75.226.92.0/22,US,US-NE,Omaha,
75.226.96.0/19,US,US-CA,Sunnyvale,
75.227.0.0/19,US,US-CA,Sunnyvale,
75.227.128.0/17,US,US-OH,Columbus,
75.228.0.0/18,US,US-AL,Birmingham,
75.228.128.0/17,US,US-CT,Windsor,
75.228.64.0/18,US,US-AL,Birmingham,
75.229.0.0/18,US,US-FL,Orlando,
75.229.128.0/18,US,US-FL,Orlando,
75.229.192.0/18,US,US-CA,Sunnyvale,
75.229.64.0/18,US,US-FL,Orlando,
75.230.0.0/16,US,US-OH,Columbus,
75.231.0.0/18,US,US-MN,Bloomington,
75.231.160.0/19,US,US-CA,Rocklin,
75.231.192.0/18,US,US-OR,Hillsboro,
75.231.64.0/18,US,US-MN,Bloomington,
75.232.128.0/21,US,US-CO,Aurora,
75.232.136.0/21,US,US-UT,West Jordan,
75.232.144.0/21,US,US-PA,Plymouth Meeting,
75.232.152.0/21,US,US-DE,New Castle,
75.232.208.0/20,US,US-FL,Orlando,
75.232.32.0/20,US,US-IL,Hickory Hills,
75.232.64.0/22,US,US-NY,Yonkers,
75.232.68.0/23,US,US-TX,Schertz,
75.232.70.0/23,US,US-TX,Euless,
75.232.72.0/22,US,US-GA,Alpharetta,
75.232.76.0/22,US,US-AL,Birmingham,
75.233.0.0/16,US,US-AZ,Tempe,
75.234.0.0/16,US,US-CA,Rocklin,
75.235.192.0/19,US,US-LA,Baton Rouge,
75.235.224.0/19,US,US-LA,Baton Rouge,
75.236.0.0/18,US,US-NV,North Las Vegas,
75.236.128.0/18,US,US-NV,North Las Vegas,
75.236.192.0/19,US,US-GA,Alpharetta,
75.236.224.0/20,US,US-GA,Alpharetta,
75.236.240.0/20,US,US-CT,Windsor,
75.236.64.0/18,US,US-AZ,Tempe,
75.237.0.0/18,US,US-AZ,Tempe,
75.237.128.0/19,US,US-AZ,Tempe,
75.237.160.0/19,US,US-AZ,Tempe,
75.237.192.0/19,US,US-CA,Vista,
75.237.224.0/19,US,US-CA,Vista,
75.237.64.0/18,US,US-AZ,Tempe,
75.238.0.0/16,US,US-CA,Sunnyvale,
75.239.128.0/24,US,US-DE,New Castle,
75.239.129.0/24,US,US-DE,New Castle,
75.239.130.0/24,US,US-UT,West Jordan,
75.239.131.0/24,US,US-CO,Aurora,
75.239.132.0/22,US,US-CO,Aurora,
75.239.136.0/22,US,US-DE,New Castle,
75.239.140.0/22,US,US-PA,Plymouth Meeting,
75.239.144.0/20,US,US-TX,Houston,
75.239.192.0/19,US,US-PA,Johnstown,
75.239.224.0/20,US,US-WA,Redmond,
75.239.240.0/20,US,US-WA,Redmond,
75.240.0.0/16,US,US-OH,Cincinnati,
75.241.0.0/21,US,US-GA,Alpharetta,
75.241.104.0/21,US,US-AL,Birmingham,
75.241.112.0/23,US,US-GA,Alpharetta,
75.241.116.0/22,US,US-MI,Westland,
75.241.208.0/21,US,US-CO,Aurora,
75.241.216.0/21,US,US-CO,Aurora,
75.241.224.0/21,US,US-UT,West Jordan,
75.241.232.0/21,US,US-WI,New Berlin,
75.241.240.0/21,US,US-VA,Roanoke,
75.241.248.0/22,US,US-OR,Hillsboro,
75.241.252.0/22,US,US-WA,Redmond,
75.241.32.0/21,US,US-NV,North Las Vegas,
75.241.40.0/21,US,US-AZ,Tempe,
75.241.48.0/22,US,US-NE,Omaha,
75.241.52.0/22,US,US-NE,Omaha,
75.241.56.0/22,US,US-NV,North Las Vegas,
75.241.60.0/22,US,US-AZ,Tempe,
75.241.64.0/21,US,US-MO,St. Louis,
75.241.8.0/21,US,US-AL,Birmingham,
75.241.88.0/21,US,US-HI,Mililani,
75.241.96.0/21,US,US-GA,Alpharetta,
75.242.0.0/17,US,US-WI,New Berlin,
75.242.128.0/17,US,US-OH,Cincinnati,
75.243.0.0/18,US,US-MO,St. Louis,
75.243.128.0/20,US,US-NY,Rochester,
75.243.144.0/20,US,US-NY,East Syracuse,
75.243.160.0/19,US,US-MO,St. Louis,
75.243.192.0/20,US,US-OR,Hillsboro,
75.243.208.0/20,US,US-TX,Schertz,
75.243.224.0/19,US,US-KS,Lenexa,
75.243.64.0/19,US,US-GA,Alpharetta,
75.243.96.0/19,US,US-GA,Alpharetta,
75.244.0.0/18,US,US-IN,Indianapolis,
75.244.128.0/21,US,US-OR,Hillsboro,
75.244.136.0/21,US,US-WA,Redmond,
75.244.144.0/21,US,US-TX,Euless,
75.244.152.0/21,US,US-TX,Schertz,
75.244.160.0/19,US,US-CO,Aurora,
75.244.192.0/18,US,US-NE,Omaha,
75.244.64.0/18,US,US-IN,Indianapolis,
75.245.0.0/19,US,US-NY,Farmingdale,
75.245.104.0/21,US,US-TN,Arlington,
75.245.112.0/20,US,US-UT,West Jordan,
75.245.128.0/19,US,US-TN,Whites Creek,
75.245.160.0/19,US,US-TN,Whites Creek,
75.245.192.0/19,US,US-IN,Indianapolis,
75.245.224.0/20,US,US-GA,Alpharetta,
75.245.240.0/20,US,US-OK,Tulsa,
75.245.32.0/19,US,US-NY,Yonkers,
75.245.64.0/20,US,US-CT,Windsor,
75.245.80.0/20,US,US-VA,Richmond,
75.245.96.0/21,US,US-IL,Hickory Hills,
75.246.0.0/17,US,US-NY,East Syracuse,
75.246.128.0/17,US,US-NY,Rochester,
75.247.0.0/18,US,US-MN,Bloomington,
75.247.128.0/17,US,US-MN,Bloomington,
75.247.64.0/19,US,US-NY,East Syracuse,
75.247.96.0/19,US,US-NY,Rochester,
75.248.0.0/19,US,US-NC,Charlotte,
75.248.104.0/21,US,US-AZ,Tempe,
75.248.112.0/21,US,US-FL,Orlando,
75.248.120.0/21,US,US-CT,Windsor,
75.248.128.0/19,US,US-UT,West Jordan,
75.248.160.0/19,US,US-GA,Alpharetta,
75.248.192.0/18,US,US-OH,Cincinnati,
75.248.32.0/19,US,US-NC,Charlotte,
75.248.64.0/19,US,US-NC,Charlotte,
75.248.96.0/21,US,US-NC,Charlotte,
75.249.0.0/19,US,US-OK,Tulsa,
75.249.128.0/19,US,US-NJ,Branchburg,
75.249.160.0/21,US,US-NC,Charlotte,
75.249.168.0/22,US,US-MN,Bloomington,
75.249.172.0/22,US,US-NE,Omaha,
75.249.192.0/18,US,US-VA,Richmond,
75.249.44.0/22,US,US-CA,Vista,
75.249.48.0/20,US,US-PA,Johnstown,
75.249.64.0/18,US,US-IL,Hickory Hills,
75.250.0.0/17,US,US-NJ,Branchburg,
75.250.128.0/18,US,US-WI,New Berlin,
75.250.192.0/18,US,US-WI,New Berlin,
75.251.0.0/18,US,US-FL,Orlando,
75.251.128.0/19,US,US-NJ,Wall Township,
75.251.160.0/22,US,US-NY,East Syracuse,
75.251.164.0/22,US,US-NY,Rochester,
75.251.168.0/22,US,US-AZ,Tempe,
75.251.172.0/22,US,US-NV,North Las Vegas,
75.251.64.0/18,US,US-FL,Orlando,
75.253.0.0/16,US,US-WA,Redmond,
97.128.0.0/18,US,US-NJ,Branchburg,
97.128.128.0/19,US,US-VA,Roanoke,
97.128.160.0/19,US,US-NY,Rochester,
97.128.192.0/18,US,US-PA,Bridgeville,
97.128.64.0/18,US,US-TN,Arlington,
97.129.0.0/18,US,US-NC,Charlotte,
97.129.128.0/18,US,US-NC,Charlotte,
97.129.192.0/18,US,US-NC,Charlotte,
97.129.64.0/18,US,US-NC,Charlotte,
97.130.0.0/18,US,US-IL,Hickory Hills,
97.130.128.0/18,US,US-IL,Hickory Hills,
97.130.192.0/18,US,US-CA,Vista,
97.130.64.0/18,US,US-IL,Hickory Hills,
97.131.0.0/18,US,US-CA,Vista,
97.131.128.0/18,US,US-TN,Whites Creek,
97.131.192.0/18,US,US-TN,Whites Creek,
97.131.64.0/18,US,US-CA,Vista,
97.132.0.0/18,US,US-TN,Whites Creek,
97.132.128.0/18,US,US-UT,West Jordan,
97.132.192.0/18,US,US-UT,West Jordan,
97.132.64.0/18,US,US-NY,East Syracuse,
97.133.0.0/21,US,US-OH,Cincinnati,
97.133.104.0/22,US,US-AZ,Tempe,
97.133.108.0/22,US,US-UT,West Jordan,
97.133.112.0/20,US,US-TX,Euless,
97.133.128.0/18,US,US-CA,Azusa,
97.133.16.0/20,US,US-WA,Redmond,
97.133.192.0/18,US,US-NY,Yonkers,
97.133.32.0/19,US,US-CA,Azusa,
97.133.64.0/19,US,US-NJ,Wall Township,
97.133.96.0/21,US,US-MD,Annapolis Junction,
97.134.0.0/18,US,US-CA,Azusa,
97.134.128.0/18,US,US-TX,Euless,
97.134.192.0/19,US,US-TX,Euless,
97.134.224.0/20,US,US-TX,Euless,
97.134.240.0/21,US,US-TN,Arlington,
97.134.248.0/21,US,US-FL,Orlando,
97.134.64.0/18,US,US-CA,Azusa,
97.135.0.0/18,US,US-MI,Southfield,
97.135.128.0/18,US,US-KS,Lenexa,
97.135.192.0/18,US,US-MO,St. Louis,
97.135.64.0/18,US,US-MI,Southfield,
97.136.0.0/18,US,US-CA,Rocklin,
97.136.128.0/18,US,US-CA,Rocklin,
97.136.192.0/18,US,US-PA,Johnstown,
97.136.64.0/18,US,US-CA,Rocklin,
97.137.0.0/18,US,US-PA,Bridgeville,
97.137.128.0/18,US,US-OH,Cincinnati,
97.137.192.0/18,US,US-LA,Baton Rouge,
97.137.64.0/18,US,US-OH,Columbus,
97.138.0.0/17,US,US-UT,West Jordan,
97.138.128.0/21,US,US-IL,Hickory Hills,
97.138.136.0/21,US,US-TX,Schertz,
97.138.144.0/20,US,US-FL,Pembroke Pines,
97.138.160.0/21,US,US-TN,Whites Creek,
97.138.168.0/21,US,US-CA,Rocklin,
97.138.176.0/21,US,US-AL,Birmingham,
97.138.184.0/21,US,US-PA,Plymouth Meeting,
97.138.192.0/18,US,US-LA,Baton Rouge,
97.139.0.0/18,US,US-TX,Houston,
97.139.128.0/17,US,US-CO,Aurora,
97.139.64.0/18,US,US-TX,Schertz,
97.140.0.0/16,US,US-NC,Charlotte,
97.144.0.0/16,US,US-CA,Vista,
97.145.0.0/17,US,US-PA,Plymouth Meeting,
97.145.128.0/17,US,US-DE,New Castle,
97.146.0.0/17,US,US-VA,Richmond,
97.146.128.0/17,US,US-VA,Roanoke,
97.147.0.0/18,US,US-TX,Schertz,
97.147.128.0/17,US,US-IN,Indianapolis,
97.147.64.0/18,US,US-LA,Baton Rouge,
97.148.0.0/16,US,US-TN,Whites Creek,
97.149.0.0/16,US,US-IN,Indianapolis,
97.150.0.0/18,US,US-TX,Houston,
97.150.128.0/18,US,US-AL,Birmingham,
97.150.192.0/18,US,US-AL,Birmingham,
97.150.64.0/18,US,US-TX,Houston,
97.151.128.0/17,US,US-MD,Annapolis Junction,
97.153.0.0/17,US,US-VA,Chantilly,
97.154.0.0/16,US,US-TX,Euless,
97.155.0.0/16,US,US-TX,Schertz,
97.156.0.0/16,US,US-MI,Southfield,
97.157.0.0/16,US,US-MI,Westland,
97.163.0.0/16,US,US-FL,Orlando,
97.164.0.0/16,US,US-FL,Pembroke Pines,
97.165.0.0/17,US,US-PA,Plymouth Meeting,
97.165.128.0/17,US,US-DE,New Castle,
97.166.0.0/16,US,US-NC,Charlotte,
97.167.0.0/16,US,US-CA,Azusa,
97.170.0.0/16,US,US-CA,Vista,
97.171.0.0/17,US,US-CO,Aurora,
97.171.128.0/17,US,US-UT,West Jordan,
97.176.0.0/17,US,US-TX,Euless,
97.176.128.0/18,US,US-TX,Euless,
97.176.192.0/18,US,US-IN,Indianapolis,
97.177.0.0/18,US,US-MA,Westborough,
97.177.128.0/17,US,US-LA,Baton Rouge,
97.177.64.0/18,US,US-CT,Windsor,
97.178.0.0/17,US,US-TX,Houston,
97.178.128.0/17,US,US-UT,West Jordan,
97.179.0.0/17,US,US-CO,Aurora,
97.179.128.0/17,US,US-NE,Omaha,
97.180.0.0/17,US,US-GA,Alpharetta,
97.180.128.0/18,US,US-GA,Alpharetta,
97.180.192.0/19,US,US-CT,Windsor,
97.180.224.0/19,US,US-CO,Aurora,
97.181.0.0/17,US,US-AL,Birmingham,
97.181.128.0/17,US,US-NV,North Las Vegas,
97.182.0.0/16,US,US-AZ,Tempe,
97.183.0.0/17,US,US-MN,Bloomington,
97.183.128.0/18,US,US-MN,Bloomington,
97.183.192.0/18,US,US-TX,Houston,
97.184.0.0/17,US,US-TX,Schertz,
97.184.128.0/17,US,US-IN,Indianapolis,
97.185.0.0/18,US,US-IN,Indianapolis,
97.185.128.0/17,US,US-OR,Hillsboro,
97.185.64.0/18,US,US-OR,Hillsboro,
97.186.0.0/17,US,US-WA,Redmond,
97.186.128.0/17,US,US-KS,Lenexa,
97.187.0.0/17,US,US-MO,St. Louis,
97.187.128.0/17,US,US-PA,Bridgeville,
97.188.0.0/18,US,US-PA,Johnstown,
97.188.64.0/18,US,US-AZ,Tempe,
97.189.0.0/16,US,US-CA,Azusa,
97.190.0.0/16,US,US-CA,Vista,
97.191.0.0/16,US,US-CA,Rocklin,
97.200.128.0/17,US,US-GA,Alpharetta,
97.200.64.0/20,US,US-MA,Westborough,
97.200.80.0/20,US,US-MA,Westborough,
97.201.0.0/18,US,US-GA,Alpharetta,
97.201.128.0/17,US,US-AL,Birmingham,
97.202.0.0/16,US,US-AZ,Tempe,
97.203.128.0/18,US,US-DE,New Castle,
97.204.128.0/17,US,US-PA,Bridgeville,
97.204.32.0/22,US,US-IL,Hickory Hills,
97.204.36.0/22,US,US-WI,New Berlin,
97.204.48.0/22,US,US-GA,Alpharetta,
97.204.52.0/22,US,US-AL,Birmingham,
97.204.56.0/22,US,US-NJ,Branchburg,
97.204.60.0/22,US,US-NJ,Wall Township,
97.204.64.0/18,US,US-PA,Bridgeville,
97.207.0.0/17,US,US-PA,Johnstown,
97.207.128.0/22,US,US-TN,Arlington,
97.207.132.0/22,US,US-OK,Tulsa,
97.207.136.0/22,US,US-CA,Azusa,
97.207.140.0/22,US,US-CA,Vista,
97.207.144.0/22,US,US-OR,Hillsboro,
97.207.152.0/22,US,US-WA,Redmond,
97.207.168.0/22,US,US-CA,Sunnyvale,
97.207.172.0/22,US,US-CA,Rocklin,
97.207.176.0/22,US,US-FL,Pembroke Pines,
97.207.180.0/22,US,US-FL,Orlando,
97.207.192.0/18,US,US-PA,Plymouth Meeting,
97.208.0.0/16,US,US-MI,Westland,
97.209.0.0/16,US,US-MI,Southfield,
97.210.0.0/18,US,US-DE,New Castle,
97.210.128.0/18,US,US-OR,Hillsboro,
97.210.192.0/18,US,US-MN,Bloomington,
97.210.64.0/18,US,US-WA,Redmond,
97.211.0.0/18,US,US-NE,Omaha,
97.211.128.0/18,US,US-AZ,Tempe,
97.211.192.0/18,US,US-OH,Columbus,
97.211.64.0/18,US,US-NV,North Las Vegas,
97.212.0.0/18,US,US-OH,Cincinnati,
97.212.128.0/18,US,US-AL,Birmingham,
97.212.192.0/18,US,US-TX,Euless,
97.212.64.0/18,US,US-GA,Alpharetta,
97.213.0.0/18,US,US-TX,Schertz,
97.213.128.0/18,US,US-UT,West Jordan,
97.213.192.0/22,US,US-NY,Yonkers,
97.213.196.0/22,US,US-NY,Farmingdale,
97.213.200.0/22,US,US-LA,Baton Rouge,
97.213.204.0/22,US,US-TX,Houston,
97.213.208.0/22,US,US-NC,Charlotte,
97.213.212.0/22,US,US-TN,Whites Creek,
97.213.216.0/22,US,US-MD,Annapolis Junction,
97.213.220.0/22,US,US-VA,Chantilly,
97.213.224.0/22,US,US-PA,Bridgeville,
97.213.228.0/22,US,US-PA,Johnstown,
97.213.232.0/22,US,US-MI,Southfield,
97.213.236.0/22,US,US-MI,Westland,
97.213.240.0/22,US,US-OH,Columbus,
97.213.244.0/22,US,US-OH,Cincinnati,
97.213.248.0/22,US,US-IN,Indianapolis,
97.213.252.0/22,US,US-IN,Indianapolis,
97.213.64.0/18,US,US-CO,Aurora,
97.216.0.0/22,US,US-CO,Aurora,
97.216.12.0/22,US,US-DE,New Castle,
97.216.128.0/18,US,US-CA,Vista,
97.216.16.0/22,US,US-MO,St. Louis,
97.216.192.0/18,US,US-CA,Azusa,
97.216.20.0/22,US,US-KS,Lenexa,
97.216.24.0/22,US,US-VA,Richmond,
97.216.28.0/22,US,US-VA,Roanoke,
97.216.32.0/22,US,US-CT,Windsor,
97.216.36.0/22,US,US-MA,Westborough,
97.216.4.0/22,US,US-UT,West Jordan,
97.216.40.0/22,US,US-TX,Euless,
97.216.44.0/22,US,US-TX,Schertz,
97.216.56.0/22,US,US-AZ,Tempe,
97.216.60.0/22,US,US-AZ,Tempe,
97.216.64.0/18,US,US-PA,Plymouth Meeting,
97.216.8.0/22,US,US-PA,Plymouth Meeting,
97.222.0.0/17,US,US-NY,Farmingdale,
97.223.0.0/16,US,US-IL,Hickory Hills,
97.224.0.0/16,US,US-WI,New Berlin,
97.227.128.0/18,US,US-GA,Alpharetta,
97.227.192.0/18,US,US-AL,Birmingham,
97.228.0.0/17,US,US-NV,North Las Vegas,
97.228.128.0/18,US,US-CO,Aurora,
97.228.192.0/18,US,US-TX,Schertz,
97.229.0.0/17,US,US-OK,Tulsa,
97.237.0.0/17,US,US-NY,Yonkers,